template_id,process_id,process_name,process_group,phase,section_name,sort_order,source_sheet,source_row,original_process,original_item,app_item_text,required,risk_level,default_status,assignee_role_default,worker_action_buttons,office_status_options,needs_review,note
CHK-0001,PROC_COMMON,공통,공통,pre_construction,,1,공정별 체크리스트,11,공통,관리사무소 공사 신고 및 도면 확보,관리사무소 공사 신고 및 도면 확보를 완료하였는가?,True,medium,DONE,사무실 관리자,완료|문제있음|사진찍기|메모,미착수|진행중|완료|보류|문제발생|재확인 요청,False,앱용 질문형 문장으로 정리
CHK-0002,PROC_COMMON,공통,공통,pre_construction,,2,공정별 체크리스트,12,공통,엘리베이터(게시판) 공사안내문 부착,엘리베이터 게시판에 공사 안내문을 부착하였는가?,True,medium,NOT_STARTED,사무실 관리자,완료|문제있음|사진찍기|메모,미착수|진행중|완료|보류|문제발생|재확인 요청,False,앱용 질문형 문장으로 정리
CHK-0003,PROC_COMMON,공통,공통,pre_construction,,3,공정별 체크리스트,13,공통,주변 세대 방문 알림,주변 세대에 공사 일정을 안내하였는가?,True,low,NOT_STARTED,사무실 관리자,완료|문제있음|사진찍기|메모,미착수|진행중|완료|보류|문제발생|재확인 요청,False,앱용 질문형 문장으로 정리
CHK-0004,PROC_COMMON,공통,공통,pre_construction,,4,공정별 체크리스트,14,공통,엘리베이터 및 공사통로 보양,엘리베이터 및 공사 통로 보양을 완료하였는가?,True,medium,NOT_STARTED,사무실 관리자,완료|문제있음|사진찍기|메모,미착수|진행중|완료|보류|문제발생|재확인 요청,False,앱용 질문형 문장으로 정리
CHK-0005,PROC_COMMON,공통,공통,pre_construction,,5,공정별 체크리스트,15,공통,철거부분에 대한 현장표기,철거 범위를 현장에 표시하였는가?,True,low,NOT_STARTED,사무실 관리자,완료|문제있음|사진찍기|메모,미착수|진행중|완료|보류|문제발생|재확인 요청,False,앱용 질문형 문장으로 정리
CHK-0006,PROC_COMMON,공통,공통,pre_construction,,6,공정별 체크리스트,16,공통,"철거팀에게 철거내용을 사진과 함께 전달(목재, 콘크, 바닥 등)",철거팀에게 철거 범위와 내용을 사진과 함께 전달하였는가?,True,low,NOT_STARTED,사무실 관리자,완료|문제있음|사진찍기|메모,미착수|진행중|완료|보류|문제발생|재확인 요청,False,앱용 질문형 문장으로 정리
CHK-0007,PROC_DEMOLITION,철거,철거,demolition,,1,공정별 체크리스트,18,철거시,철거팀과 철거부분 내용 재확인,철거팀과 철거 부분 내용 재확인하였는가?,True,low,NOT_STARTED,현장관리자,완료|문제있음|사진찍기|메모,미착수|진행중|완료|보류|문제발생|재확인 요청,False,앱용 질문형 문장으로 정리
CHK-0008,PROC_DEMOLITION,철거,철거,demolition,,2,공정별 체크리스트,19,철거시,철거 전 전기 전자 관련 작동 유무 확인,철거 전 전기 전자 관련 작동 유무 확인하였는가?,True,high,NOT_STARTED,현장관리자,완료|문제있음|사진찍기|메모,미착수|진행중|완료|보류|문제발생|재확인 요청,False,앱용 질문형 문장으로 정리
CHK-0009,PROC_DEMOLITION,철거,철거,demolition,,3,공정별 체크리스트,20,철거시,"배전반, 통신함 (단독 인덕션, 에어컨 차단기 확인)","배전반, 통신함 (단독 인덕션, 에어컨 차단기 확인)을(를) 확인하였는가?",True,high,NOT_STARTED,현장관리자,완료|문제있음|사진찍기|메모,미착수|진행중|완료|보류|문제발생|재확인 요청,True,자동 질문형 변환 문장. 실무 표현 검수 권장
CHK-0010,PROC_DEMOLITION,철거,철거,demolition,,4,공정별 체크리스트,21,철거시,"에어컨 배관, 전기",에어컨 배관 및 전기 상태를 확인하였는가?,True,high,NOT_STARTED,현장관리자,완료|문제있음|사진찍기|메모,미착수|진행중|완료|보류|문제발생|재확인 요청,False,앱용 질문형 문장으로 정리
CHK-0011,PROC_DEMOLITION,철거,철거,demolition,,5,공정별 체크리스트,22,철거시,전열교환기 상태,전열교환기 상태를 확인하였는가?,True,high,NOT_STARTED,현장관리자,완료|문제있음|사진찍기|메모,미착수|진행중|완료|보류|문제발생|재확인 요청,False,앱용 질문형 문장으로 정리
CHK-0012,PROC_DEMOLITION,철거,철거,demolition,,6,공정별 체크리스트,23,철거시,"월 패드, 홈 오토",월패드 및 홈오토 상태를 확인하였는가?,True,high,NOT_STARTED,현장관리자,완료|문제있음|사진찍기|메모,미착수|진행중|완료|보류|문제발생|재확인 요청,False,앱용 질문형 문장으로 정리
CHK-0013,PROC_DEMOLITION,철거,철거,demolition,,7,공정별 체크리스트,24,철거시,보일러 분배기 및 컨트롤러,보일러 분배기 및 컨트롤러 상태를 확인하였는가?,True,high,NOT_STARTED,현장관리자,완료|문제있음|사진찍기|메모,미착수|진행중|완료|보류|문제발생|재확인 요청,False,앱용 질문형 문장으로 정리
CHK-0014,PROC_DEMOLITION,철거,철거,demolition,,8,공정별 체크리스트,25,철거시,확장부가 있을 시 단열 상태와 난방배관설치 여부 확인,확장부가 있을 시 단열 상태와 난방배관설치 여부 확인하였는가?,True,high,NOT_STARTED,현장관리자,완료|문제있음|사진찍기|메모,미착수|진행중|완료|보류|문제발생|재확인 요청,False,앱용 질문형 문장으로 정리
CHK-0015,PROC_DEMOLITION,철거,철거,demolition,,9,공정별 체크리스트,26,철거시,화장실 환풍기는 철거후 다시 달았는가?,화장실 환풍기는 철거후 다시 달았는가?,True,high,NOT_STARTED,현장관리자,완료|문제있음|사진찍기|메모,미착수|진행중|완료|보류|문제발생|재확인 요청,False,
CHK-0016,PROC_DEMOLITION,철거,철거,demolition,,10,공정별 체크리스트,27,철거시,기존 전기 기구류 표시를 하여 디자이너에게 전달하였는가?,기존 전기 기구류 표시를 하여 디자이너에게 전달하였는가?,True,high,NOT_STARTED,현장관리자,완료|문제있음|사진찍기|메모,미착수|진행중|완료|보류|문제발생|재확인 요청,False,
CHK-0017,PROC_DEMOLITION,철거,철거,demolition,,11,공정별 체크리스트,28,철거시,천정 철거 범위를 확인하였는가?,천정 철거 범위를 확인하였는가?,True,low,NOT_STARTED,현장관리자,완료|문제있음|사진찍기|메모,미착수|진행중|완료|보류|문제발생|재확인 요청,False,
CHK-0018,PROC_DEMOLITION,철거,철거,demolition,,12,공정별 체크리스트,29,철거시,천정내부에 층고가 얼마나 되는가?,천정내부에 층고가 얼마나 되는가?,True,low,NOT_STARTED,현장관리자,완료|문제있음|사진찍기|메모,미착수|진행중|완료|보류|문제발생|재확인 요청,False,
CHK-0019,PROC_DEMOLITION,철거,철거,demolition,,13,공정별 체크리스트,30,철거시,"철거할만한 가벽과 인방, 비내력벽이 있는가?","철거할만한 가벽과 인방, 비내력벽이 있는가?",True,low,NOT_STARTED,현장관리자,완료|문제있음|사진찍기|메모,미착수|진행중|완료|보류|문제발생|재확인 요청,False,
CHK-0020,PROC_DEMOLITION,철거,철거,demolition,,14,공정별 체크리스트,31,철거시,새로 쓰는 가구가 있는가?,새로 쓰는 가구가 있는가?,True,medium,NOT_STARTED,현장관리자,완료|문제있음|사진찍기|메모,미착수|진행중|완료|보류|문제발생|재확인 요청,False,
CHK-0021,PROC_DEMOLITION,철거,철거,demolition,,15,공정별 체크리스트,32,철거시,재사용하는 시스템가구 가전이 없는가,재사용하는 시스템가구 가전이 없는가?,True,medium,NOT_STARTED,현장관리자,완료|문제있음|사진찍기|메모,미착수|진행중|완료|보류|문제발생|재확인 요청,False,앱용 질문형 문장으로 정리
CHK-0022,PROC_DEMOLITION,철거,철거,demolition,,16,공정별 체크리스트,33,철거시,고객이 보관해 달라는 제품 확인,고객이 보관해 달라는 제품 확인하였는가?,True,medium,NOT_STARTED,현장관리자,완료|문제있음|사진찍기|메모,미착수|진행중|완료|보류|문제발생|재확인 요청,False,앱용 질문형 문장으로 정리
CHK-0023,PROC_DEMOLITION,철거,철거,demolition,,17,공정별 체크리스트,34,철거시,"스프링클러, 가스계량기 이전이 필요한가?","스프링클러, 가스계량기 이전이 필요한가?",True,high,NOT_STARTED,현장관리자,완료|문제있음|사진찍기|메모,미착수|진행중|완료|보류|문제발생|재확인 요청,False,
CHK-0024,PROC_DEMOLITION,철거,철거,demolition,,18,공정별 체크리스트,35,철거시,후드 내 확산소화기 확인 했는가?,후드 내 확산소화기 확인 했는가?,True,high,NOT_STARTED,현장관리자,완료|문제있음|사진찍기|메모,미착수|진행중|완료|보류|문제발생|재확인 요청,False,
CHK-0025,PROC_DEMOLITION,철거,철거,demolition,,19,공정별 체크리스트,36,철거시,단열 곰팡이 부위가 있는가?,단열 곰팡이 부위가 있는가?,True,high,NOT_STARTED,현장관리자,완료|문제있음|사진찍기|메모,미착수|진행중|완료|보류|문제발생|재확인 요청,False,
CHK-0026,PROC_DEMOLITION,철거,철거,demolition,화장실 철거 시,20,공정별 체크리스트,39,철거시,벽체 타일 부속물을 평탄화 했는가?,벽체 타일 부속물을 평탄화 했는가?,True,medium,NOT_STARTED,현장관리자,완료|문제있음|사진찍기|메모,미착수|진행중|완료|보류|문제발생|재확인 요청,False,
CHK-0027,PROC_DEMOLITION,철거,철거,demolition,화장실 철거 시,21,공정별 체크리스트,40,철거시,바닥은 슬라브 방수층까지 철거 했는가?,바닥은 슬라브 방수층까지 철거 했는가?,True,high,NOT_STARTED,현장관리자,완료|문제있음|사진찍기|메모,미착수|진행중|완료|보류|문제발생|재확인 요청,False,
CHK-0028,PROC_DEMOLITION,철거,철거,demolition,화장실 철거 시,22,공정별 체크리스트,41,철거시,선홈통의 상태는 어떠한가?,선홈통의 상태는 어떠한가?,True,low,NOT_STARTED,현장관리자,완료|문제있음|사진찍기|메모,미착수|진행중|완료|보류|문제발생|재확인 요청,False,
CHK-0029,PROC_DEMOLITION,철거,철거,demolition,화장실 철거 시,23,공정별 체크리스트,42,철거시,"급,배수 라인 상태는 확인했는가?",급·배수 라인 상태는 확인했는가?,True,high,NOT_STARTED,현장관리자,완료|문제있음|사진찍기|메모,미착수|진행중|완료|보류|문제발생|재확인 요청,False,
CHK-0030,PROC_DEMOLITION,철거,철거,demolition,화장실 철거 시,24,공정별 체크리스트,43,철거시,타일 마감시 문틀을 타일이 덥지 않는가,타일 마감시 문틀을 타일이 덥지 않는가?,True,medium,NOT_STARTED,현장관리자,완료|문제있음|사진찍기|메모,미착수|진행중|완료|보류|문제발생|재확인 요청,False,앱용 질문형 문장으로 정리
CHK-0031,PROC_DEMOLITION,철거,철거,demolition,화장실 철거 시,25,공정별 체크리스트,44,철거시,타일 마감시 문과 도어씰 높이 (마감에서 최소 70mm)마감이 나오는가?,타일 마감시 문과 도어씰 높이 (마감에서 최소 70mm)마감이 나오는가?,True,medium,NOT_STARTED,현장관리자,완료|문제있음|사진찍기|메모,미착수|진행중|완료|보류|문제발생|재확인 요청,False,
CHK-0032,PROC_FLOOR_DEMOLITION,마루철거,철거,demolition,,1,공정별 체크리스트,49,마루철거시,바닥 최종마감이 무엇인지 알려줬는가?,바닥 최종마감이 무엇인지 알려줬는가?,True,medium,NOT_STARTED,현장관리자,완료|문제있음|사진찍기|메모,미착수|진행중|완료|보류|문제발생|재확인 요청,False,
CHK-0033,PROC_FLOOR_DEMOLITION,마루철거,철거,demolition,,2,공정별 체크리스트,50,마루철거시,마루철거가 몇시쯤 끝이날지 확인하였는가?,마루철거가 몇시쯤 끝이날지 확인하였는가?,True,medium,NOT_STARTED,현장관리자,완료|문제있음|사진찍기|메모,미착수|진행중|완료|보류|문제발생|재확인 요청,False,
CHK-0034,PROC_FLOOR_DEMOLITION,마루철거,철거,demolition,,3,공정별 체크리스트,51,마루철거시,"마루철거가 끝나고 전기와 설비작업, 목작업 관련하여 마킹을 하였는가?","마루철거가 끝나고 전기와 설비작업, 목작업 관련하여 마킹을 하였는가?",True,high,NOT_STARTED,현장관리자,완료|문제있음|사진찍기|메모,미착수|진행중|완료|보류|문제발생|재확인 요청,False,
CHK-0035,PROC_FLOOR_DEMOLITION,마루철거,철거,demolition,,4,공정별 체크리스트,52,마루철거시,"전기,설비,목작업 마킹이 끝나고 루카스와 확인을 하였는가?","전기,설비,목작업 마킹이 끝나고 루카스와 확인을 하였는가?",True,high,NOT_STARTED,현장관리자,완료|문제있음|사진찍기|메모,미착수|진행중|완료|보류|문제발생|재확인 요청,False,
CHK-0036,PROC_ELECTRICAL,전기,전기,rough_in,,1,공정별 체크리스트,54,전기,전기 분전반의 재사용 여부확인,전기 분전반 재사용 여부를 확인하였는가?,True,high,NOT_STARTED,전기 작업자,완료|문제있음|사진찍기|메모,미착수|진행중|완료|보류|문제발생|재확인 요청,False,앱용 질문형 문장으로 정리
CHK-0037,PROC_ELECTRICAL,전기,전기,rough_in,,2,공정별 체크리스트,55,전기,전기 분전반의 분할은 어떻게 할지 논의 하였는가?,전기 분전반의 분할은 어떻게 할지 논의 하였는가?,True,high,NOT_STARTED,전기 작업자,완료|문제있음|사진찍기|메모,미착수|진행중|완료|보류|문제발생|재확인 요청,False,
CHK-0038,PROC_ELECTRICAL,전기,전기,rough_in,,3,공정별 체크리스트,56,전기,전기작업이 끝나고 라벨링 작업을 하였는가?,전기작업이 끝나고 라벨링 작업을 하였는가?,True,high,NOT_STARTED,전기 작업자,완료|문제있음|사진찍기|메모,미착수|진행중|완료|보류|문제발생|재확인 요청,False,
CHK-0039,PROC_ELECTRICAL,전기,전기,rough_in,,4,공정별 체크리스트,57,전기,작업등 설치를 하였는가?,작업등 설치를 하였는가?,True,medium,NOT_STARTED,전기 작업자,완료|문제있음|사진찍기|메모,미착수|진행중|완료|보류|문제발생|재확인 요청,False,
CHK-0040,PROC_ELECTRICAL,전기,전기,rough_in,,5,공정별 체크리스트,58,전기,도면상 추가되는 콘센트를 빠짐없이 체크하였는가,도면상 추가되는 콘센트를 빠짐없이 체크하였는가?,True,high,NOT_STARTED,전기 작업자,완료|문제있음|사진찍기|메모,미착수|진행중|완료|보류|문제발생|재확인 요청,False,앱용 질문형 문장으로 정리
CHK-0041,PROC_ELECTRICAL,전기,전기,rough_in,,6,공정별 체크리스트,59,전기,"개별 차단기가 필요한 인덕션, 에어컨에 인입이 되었는가?","개별 차단기가 필요한 인덕션, 에어컨에 인입이 되었는가?",True,high,NOT_STARTED,전기 작업자,완료|문제있음|사진찍기|메모,미착수|진행중|완료|보류|문제발생|재확인 요청,False,
CHK-0042,PROC_ELECTRICAL,전기,전기,rough_in,,7,공정별 체크리스트,60,전기,"스위치, 콘센트의 높이를 도면과 비교하여 고객과 협의 했는가?","스위치, 콘센트의 높이를 도면과 비교하여 고객과 협의 했는가?",True,high,NOT_STARTED,전기 작업자,완료|문제있음|사진찍기|메모,미착수|진행중|완료|보류|문제발생|재확인 요청,False,
CHK-0043,PROC_ELECTRICAL,전기,전기,rough_in,,8,공정별 체크리스트,61,전기,현관 자동 중문 설치 시 전원 인입이 있는가?,현관 자동 중문 설치 시 전원 인입이 있는가?,True,medium,NOT_STARTED,전기 작업자,완료|문제있음|사진찍기|메모,미착수|진행중|완료|보류|문제발생|재확인 요청,False,
CHK-0044,PROC_ELECTRICAL,전기,전기,rough_in,,9,공정별 체크리스트,62,전기,전동 커튼 구간 설치 커튼 박스 내 전원은 인입되었는가?,전동 커튼 구간 설치 커튼 박스 내 전원은 인입되었는가?,True,medium,NOT_STARTED,전기 작업자,완료|문제있음|사진찍기|메모,미착수|진행중|완료|보류|문제발생|재확인 요청,False,
CHK-0045,PROC_ELECTRICAL,전기,전기,rough_in,,10,공정별 체크리스트,63,전기,전기 상세 가이드에 표시 된 조명부에 전원 인입은 다 되었는가?,전기 상세 가이드에 표시 된 조명부에 전원 인입은 다 되었는가?,True,high,NOT_STARTED,전기 작업자,완료|문제있음|사진찍기|메모,미착수|진행중|완료|보류|문제발생|재확인 요청,False,
CHK-0046,PROC_ELECTRICAL,전기,전기,rough_in,,11,공정별 체크리스트,64,전기,휴미컨 설치 시 휴미컨 전원 인입이 되었는가?,휴미컨 설치 시 휴미컨 전원 인입이 되었는가?,True,medium,NOT_STARTED,전기 작업자,완료|문제있음|사진찍기|메모,미착수|진행중|완료|보류|문제발생|재확인 요청,False,
CHK-0047,PROC_ELECTRICAL,전기,전기,rough_in,,12,공정별 체크리스트,65,전기,휴미컨 설치 시 인터넷 UTP는 인입되었는가?,휴미컨 설치 시 인터넷 UTP는 인입되었는가?,True,medium,NOT_STARTED,전기 작업자,완료|문제있음|사진찍기|메모,미착수|진행중|완료|보류|문제발생|재확인 요청,False,
CHK-0048,PROC_ELECTRICAL,전기,전기,rough_in,,13,공정별 체크리스트,66,전기,주택 공사 시 안방 스위치 4회로 작은방 3회로 인입 되었는가?,주택 공사 시 안방 스위치 4회로 작은방 3회로 인입 되었는가?,True,low,NOT_STARTED,전기 작업자,완료|문제있음|사진찍기|메모,미착수|진행중|완료|보류|문제발생|재확인 요청,False,
CHK-0049,PROC_ELECTRICAL,전기,전기,rough_in,,14,공정별 체크리스트,67,전기,"(CCT 조명 설치 시 UTP 빨강, 파랑, 노랑 스위치 용 회색 인터넷, 보일러 용)","(CCT 조명 설치 시 UTP 빨강, 파랑, 노랑 스위치 용 회색 인터넷, 보일러 용)을(를) 확인하였는가?",True,high,NOT_STARTED,전기 작업자,완료|문제있음|사진찍기|메모,미착수|진행중|완료|보류|문제발생|재확인 요청,True,자동 질문형 변환 문장. 실무 표현 검수 권장
CHK-0050,PROC_ELECTRICAL,전기,전기,rough_in,,15,공정별 체크리스트,68,전기,인쇼 제어기 사용 시 일반 조명 릴레이는 조명용 릴레이 사용(펜던트 등),인쇼 제어기 사용 시 일반 조명 릴레이는 조명용 릴레이 사용(펜던트 등)을(를) 확인하였는가?,True,low,NOT_STARTED,전기 작업자,완료|문제있음|사진찍기|메모,미착수|진행중|완료|보류|문제발생|재확인 요청,True,자동 질문형 변환 문장. 실무 표현 검수 권장
CHK-0051,PROC_ELECTRICAL,전기,전기,rough_in,,16,공정별 체크리스트,69,전기,주택 공사시 인괄 소등 인입을 했는가?,주택 공사시 인괄 소등 인입을 했는가?,True,low,NOT_STARTED,전기 작업자,완료|문제있음|사진찍기|메모,미착수|진행중|완료|보류|문제발생|재확인 요청,False,
CHK-0052,PROC_ELECTRICAL,전기,전기,rough_in,,17,공정별 체크리스트,70,전기,주택 공사 시 배전반 통신함 설치 위치를 미리 잡았는가?,주택 공사 시 배전반 통신함 설치 위치를 미리 잡았는가?,True,medium,NOT_STARTED,전기 작업자,완료|문제있음|사진찍기|메모,미착수|진행중|완료|보류|문제발생|재확인 요청,False,
CHK-0053,PROC_ELECTRICAL,전기,전기,rough_in,,18,공정별 체크리스트,71,전기,(여분 차단기 2개 확보),여분 차단기 2개를 확보하였는가?,True,high,NOT_STARTED,전기 작업자,완료|문제있음|사진찍기|메모,미착수|진행중|완료|보류|문제발생|재확인 요청,False,앱용 질문형 문장으로 정리
CHK-0054,PROC_ELECTRICAL,전기,전기,rough_in,,19,공정별 체크리스트,72,전기,주택 공사 시 외부 조명 인입되었는가?,주택 공사 시 외부 조명 인입되었는가?,True,low,NOT_STARTED,전기 작업자,완료|문제있음|사진찍기|메모,미착수|진행중|완료|보류|문제발생|재확인 요청,False,
CHK-0055,PROC_ELECTRICAL,전기,전기,rough_in,,20,공정별 체크리스트,73,전기,전기작업이 끝나고 고객과 필요없는 전기 기구류의 위치 및 새로 신설되는 기구류의 위치에 대하여 이야기 했는가?,전기작업이 끝나고 고객과 필요없는 전기 기구류의 위치 및 새로 신설되는 기구류의 위치에 대하여 이야기 했는가?,True,high,NOT_STARTED,전기 작업자,완료|문제있음|사진찍기|메모,미착수|진행중|완료|보류|문제발생|재확인 요청,False,
CHK-0056,PROC_ELECTRICAL,전기,전기,rough_in,,21,공정별 체크리스트,74,전기,고객과 TV위치와 높이에 대하여 이야기 하였는가?,고객과 TV위치와 높이에 대하여 이야기 하였는가?,True,medium,NOT_STARTED,전기 작업자,완료|문제있음|사진찍기|메모,미착수|진행중|완료|보류|문제발생|재확인 요청,False,
CHK-0057,PROC_ELECTRICAL,전기,전기,rough_in,,22,공정별 체크리스트,75,전기,기존 감지기의 위치와 종류 파악,기존 감지기의 위치와 종류를 파악하였는가?,True,high,NOT_STARTED,전기 작업자,완료|문제있음|사진찍기|메모,미착수|진행중|완료|보류|문제발생|재확인 요청,False,앱용 질문형 문장으로 정리
CHK-0058,PROC_ELECTRICAL,전기,전기,rough_in,,23,공정별 체크리스트,76,전기,타일 물량을 실측하였는가?,타일 물량을 실측하였는가?,True,medium,NOT_STARTED,전기 작업자,완료|문제있음|사진찍기|메모,미착수|진행중|완료|보류|문제발생|재확인 요청,False,
CHK-0059,PROC_ELECTRICAL,전기,전기,rough_in,,24,공정별 체크리스트,77,전기,전기 회로 확인,전기 회로 확인하였는가?,True,high,NOT_STARTED,전기 작업자,완료|문제있음|사진찍기|메모,미착수|진행중|완료|보류|문제발생|재확인 요청,False,앱용 질문형 문장으로 정리
CHK-0060,PROC_ELECTRICAL,전기,전기,rough_in,,25,공정별 체크리스트,78,전기,일괄소등이 있는가?,일괄소등이 있는가?,True,low,NOT_STARTED,전기 작업자,완료|문제있음|사진찍기|메모,미착수|진행중|완료|보류|문제발생|재확인 요청,False,
CHK-0061,PROC_PLUMBING,설비,설비,rough_in,,1,공정별 체크리스트,80,설비,욕실 설비 위치를 반드시 따로 적어놔서(급배수) 설비 작업 후 재확인 하였는가?,욕실 설비 위치를 반드시 따로 적어놔서(급배수) 설비 작업 후 재확인하였는가?,True,high,NOT_STARTED,설비 작업자,완료|문제있음|사진찍기|메모,미착수|진행중|완료|보류|문제발생|재확인 요청,False,
CHK-0062,PROC_PLUMBING,설비,설비,rough_in,,2,공정별 체크리스트,81,설비,"(욕조, 매립 수전, 트랜지 벽 배수관, 타일 마감에서 높이 필히 확인)","(욕조, 매립 수전, 트랜지 벽 배수관, 타일 마감에서 높이 필히 확인)을(를) 확인하였는가?",True,high,NOT_STARTED,설비 작업자,완료|문제있음|사진찍기|메모,미착수|진행중|완료|보류|문제발생|재확인 요청,True,자동 질문형 변환 문장. 실무 표현 검수 권장
CHK-0063,PROC_PLUMBING,설비,설비,rough_in,,3,공정별 체크리스트,82,설비,욕조 배송일을 확인 하였는가?,욕조 배송일을 확인하였는가?,True,low,NOT_STARTED,설비 작업자,완료|문제있음|사진찍기|메모,미착수|진행중|완료|보류|문제발생|재확인 요청,False,
CHK-0064,PROC_PLUMBING,설비,설비,rough_in,,4,공정별 체크리스트,83,설비,매립되는 수전의 형태를 확인하였는가?,매립되는 수전의 형태를 확인하였는가?,True,low,NOT_STARTED,설비 작업자,완료|문제있음|사진찍기|메모,미착수|진행중|완료|보류|문제발생|재확인 요청,False,
CHK-0065,PROC_PLUMBING,설비,설비,rough_in,,5,공정별 체크리스트,84,설비,매립수전이 현장에 도착해 있는가?,매립수전이 현장에 도착해 있는가?,True,low,NOT_STARTED,설비 작업자,완료|문제있음|사진찍기|메모,미착수|진행중|완료|보류|문제발생|재확인 요청,False,
CHK-0066,PROC_PLUMBING,설비,설비,rough_in,,6,공정별 체크리스트,85,설비,매립수전이 수직 수평에 맞게 설치 되었는가?,매립수전이 수직 수평에 맞게 설치 되었는가?,True,medium,NOT_STARTED,설비 작업자,완료|문제있음|사진찍기|메모,미착수|진행중|완료|보류|문제발생|재확인 요청,False,
CHK-0067,PROC_PLUMBING,설비,설비,rough_in,,7,공정별 체크리스트,86,설비,분배기를 옮겨야 할지 확인 하였는가?,분배기를 옮겨야 할지 확인하였는가?,True,low,NOT_STARTED,설비 작업자,완료|문제있음|사진찍기|메모,미착수|진행중|완료|보류|문제발생|재확인 요청,False,
CHK-0068,PROC_PLUMBING,설비,설비,rough_in,,8,공정별 체크리스트,87,설비,분배기를 옮겨야 한다면 위치를 어디로 잡았는가?,분배기를 옮겨야 한다면 위치를 어디로 잡았는가?,True,low,NOT_STARTED,설비 작업자,완료|문제있음|사진찍기|메모,미착수|진행중|완료|보류|문제발생|재확인 요청,False,
CHK-0069,PROC_PLUMBING,설비,설비,rough_in,,9,공정별 체크리스트,88,설비,주방쪽 급수와 배수 위치를 확인 하였는가?,주방쪽 급수와 배수 위치를 확인하였는가?,True,high,NOT_STARTED,설비 작업자,완료|문제있음|사진찍기|메모,미착수|진행중|완료|보류|문제발생|재확인 요청,False,
CHK-0070,PROC_PLUMBING,설비,설비,rough_in,,10,공정별 체크리스트,89,설비,세탁기를 옮겨야 한다면 급배수를 어디서 가져올것인가 ?,세탁기를 옮겨야 한다면 급배수를 어디서 가져올것인가 ?,True,high,NOT_STARTED,설비 작업자,완료|문제있음|사진찍기|메모,미착수|진행중|완료|보류|문제발생|재확인 요청,False,
CHK-0071,PROC_PLUMBING,설비,설비,rough_in,,11,공정별 체크리스트,90,설비,로보락 급배수라인을 어떻게 구성할 것인가?,로보락 급배수라인을 어떻게 구성할 것인가?,True,high,NOT_STARTED,설비 작업자,완료|문제있음|사진찍기|메모,미착수|진행중|완료|보류|문제발생|재확인 요청,False,
CHK-0072,PROC_PLUMBING,설비,설비,rough_in,,12,공정별 체크리스트,91,설비,정수기를 이동하게 될 시 급배수 라인을 어떻게 구성할 것인가?,정수기를 이동하게 될 시 급배수 라인을 어떻게 구성할 것인가?,True,high,NOT_STARTED,설비 작업자,완료|문제있음|사진찍기|메모,미착수|진행중|완료|보류|문제발생|재확인 요청,False,
CHK-0073,PROC_PLUMBING,설비,설비,rough_in,,13,공정별 체크리스트,92,설비,에어컨실외기실의 위치는 확인하였는가?,에어컨실외기실의 위치는 확인하였는가?,True,high,NOT_STARTED,설비 작업자,완료|문제있음|사진찍기|메모,미착수|진행중|완료|보류|문제발생|재확인 요청,False,
CHK-0074,PROC_PLUMBING,설비,설비,rough_in,,14,공정별 체크리스트,93,설비,에어컨 설치위치는 확인 하였는가?,에어컨 설치위치는 확인하였는가?,True,high,NOT_STARTED,설비 작업자,완료|문제있음|사진찍기|메모,미착수|진행중|완료|보류|문제발생|재확인 요청,False,
CHK-0075,PROC_PLUMBING,설비,설비,rough_in,,15,공정별 체크리스트,94,설비,에어컨 냉매배관과 배수배관은 어디로 이동할 것인가?,에어컨 냉매배관과 배수배관은 어디로 이동할 것인가?,True,high,NOT_STARTED,설비 작업자,완료|문제있음|사진찍기|메모,미착수|진행중|완료|보류|문제발생|재확인 요청,False,
CHK-0076,PROC_PLUMBING,설비,설비,rough_in,,16,공정별 체크리스트,95,설비,에어컨배수 배관이 연결된 곳에 물이 새지는 않는가?,에어컨배수 배관이 연결된 곳에 물이 새지는 않는가?,True,high,NOT_STARTED,설비 작업자,완료|문제있음|사진찍기|메모,미착수|진행중|완료|보류|문제발생|재확인 요청,False,
CHK-0077,PROC_PLUMBING,설비,설비,rough_in,,17,공정별 체크리스트,96,설비,주택 공사시 에어컨 외부 배관 마감 처리는 어떻게 할 것인가?,주택 공사시 에어컨 외부 배관 마감 처리는 어떻게 할 것인가?,True,high,NOT_STARTED,설비 작업자,완료|문제있음|사진찍기|메모,미착수|진행중|완료|보류|문제발생|재확인 요청,False,
CHK-0078,PROC_PLUMBING,설비,설비,rough_in,,18,공정별 체크리스트,97,설비,주택 공사시 에어컨 실외기는 어디에 설치 할 것인가?,주택 공사시 에어컨 실외기는 어디에 설치 할 것인가?,True,high,NOT_STARTED,설비 작업자,완료|문제있음|사진찍기|메모,미착수|진행중|완료|보류|문제발생|재확인 요청,False,
CHK-0079,PROC_PLUMBING,설비,설비,rough_in,,19,공정별 체크리스트,98,설비,", 보일러실 바닥에 배수를 설치하였는가?",", 보일러실 바닥에 배수를 설치하였는가?",True,high,NOT_STARTED,설비 작업자,완료|문제있음|사진찍기|메모,미착수|진행중|완료|보류|문제발생|재확인 요청,False,
CHK-0080,PROC_PLUMBING,설비,설비,rough_in,,20,공정별 체크리스트,99,설비,(상향식 보일러의 경우 드레인 필수 요소),(상향식 보일러의 경우 드레인 필수 요소)을(를) 확인하였는가?,True,high,NOT_STARTED,설비 작업자,완료|문제있음|사진찍기|메모,미착수|진행중|완료|보류|문제발생|재확인 요청,True,자동 질문형 변환 문장. 실무 표현 검수 권장
CHK-0081,PROC_PLUMBING,설비,설비,rough_in,,21,공정별 체크리스트,100,설비,보일러실 천정에 있는 확산형 소화기의 상태를 확인 하였는가?,보일러실 천정에 있는 확산형 소화기의 상태를 확인하였는가?,True,high,NOT_STARTED,설비 작업자,완료|문제있음|사진찍기|메모,미착수|진행중|완료|보류|문제발생|재확인 요청,False,
CHK-0082,PROC_PLUMBING,설비,설비,rough_in,,22,공정별 체크리스트,101,설비,주택 공사 시 보일러 설치실을 내부에 설치할 공간을 확보했는가?,주택 공사 시 보일러 설치실을 내부에 설치할 공간을 확보했는가?,True,high,NOT_STARTED,설비 작업자,완료|문제있음|사진찍기|메모,미착수|진행중|완료|보류|문제발생|재확인 요청,False,
CHK-0083,PROC_PLUMBING,설비,설비,rough_in,,23,공정별 체크리스트,102,설비,도시가스 배관의 이설 또는 제거 여부 확인,도시가스 배관의 이설 또는 제거 여부 확인하였는가?,True,high,NOT_STARTED,설비 작업자,완료|문제있음|사진찍기|메모,미착수|진행중|완료|보류|문제발생|재확인 요청,False,앱용 질문형 문장으로 정리
CHK-0084,PROC_PLUMBING,설비,설비,rough_in,,24,공정별 체크리스트,103,설비,확장구간 바닥에 단열작업을 미리 해 놓았는가?,확장구간 바닥에 단열작업을 미리 해 놓았는가?,True,high,NOT_STARTED,설비 작업자,완료|문제있음|사진찍기|메모,미착수|진행중|완료|보류|문제발생|재확인 요청,False,
CHK-0085,PROC_PLUMBING,설비,설비,rough_in,,25,공정별 체크리스트,104,설비,스탠드 에어컨 자리에 배수가 설치되어 있는가?,스탠드 에어컨 자리에 배수가 설치되어 있는가?,True,high,NOT_STARTED,설비 작업자,완료|문제있음|사진찍기|메모,미착수|진행중|완료|보류|문제발생|재확인 요청,False,
CHK-0086,PROC_PLUMBING,설비,설비,rough_in,,26,공정별 체크리스트,105,설비,이경엘보가 트랜치 개소에 맞게 준비되었는가,이경엘보가 트랜치 개소에 맞게 준비되었는가?,True,low,NOT_STARTED,설비 작업자,완료|문제있음|사진찍기|메모,미착수|진행중|완료|보류|문제발생|재확인 요청,False,앱용 질문형 문장으로 정리
CHK-0087,PROC_PLUMBING,설비,설비,rough_in,,27,공정별 체크리스트,106,설비,배수배관의 구배는 잘 되어있는가?,배수배관의 구배는 잘 되어있는가?,True,high,NOT_STARTED,설비 작업자,완료|문제있음|사진찍기|메모,미착수|진행중|완료|보류|문제발생|재확인 요청,False,
CHK-0088,PROC_PLUMBING,설비,설비,rough_in,,28,공정별 체크리스트,107,설비,신설되거나 위치를 옮겨야 하는 스프링 클러가 있는가?,신설되거나 위치를 옮겨야 하는 스프링 클러가 있는가?,True,low,NOT_STARTED,설비 작업자,완료|문제있음|사진찍기|메모,미착수|진행중|완료|보류|문제발생|재확인 요청,False,
CHK-0089,PROC_PLUMBING,설비,설비,rough_in,,29,공정별 체크리스트,108,설비,", 주방후드가 설치될곳까지 후드배관이 연결될수 있는가?",", 주방후드가 설치될곳까지 후드배관이 연결될수 있는가?",True,medium,NOT_STARTED,설비 작업자,완료|문제있음|사진찍기|메모,미착수|진행중|완료|보류|문제발생|재확인 요청,False,
CHK-0090,PROC_PLUMBING,설비,설비,rough_in,,30,공정별 체크리스트,109,설비,에어컨의 브랜드를 확인하였는가? 단배관인지 다배관인지 확인하였는가?,에어컨의 브랜드를 확인하였는가? 단배관인지 다배관인지 확인하였는가?,True,high,NOT_STARTED,설비 작업자,완료|문제있음|사진찍기|메모,미착수|진행중|완료|보류|문제발생|재확인 요청,False,
CHK-0091,PROC_PLUMBING,설비,설비,rough_in,,31,공정별 체크리스트,110,설비,에어컨 타공후 벽체속 전기 설비에 문제가 있는지 확인하였는가?,에어컨 타공후 벽체속 전기 설비에 문제가 있는지 확인하였는가?,True,high,NOT_STARTED,설비 작업자,완료|문제있음|사진찍기|메모,미착수|진행중|완료|보류|문제발생|재확인 요청,False,
CHK-0092,PROC_WET_WATERPROOF,습식·방수,습식·방수,rough_in,,1,공정별 체크리스트,113,습식 방수 공사,자재준비가 충분히 되었는가,자재준비가 충분히 되었는가?,True,medium,NOT_STARTED,방수 작업자,완료|문제있음|사진찍기|메모,미착수|진행중|완료|보류|문제발생|재확인 요청,False,앱용 질문형 문장으로 정리
CHK-0093,PROC_WET_WATERPROOF,습식·방수,습식·방수,rough_in,,2,공정별 체크리스트,114,습식 방수 공사,작업자가 미리 세팅되어 있는가,작업자가 미리 세팅되어 있는가?,True,low,NOT_STARTED,방수 작업자,완료|문제있음|사진찍기|메모,미착수|진행중|완료|보류|문제발생|재확인 요청,False,앱용 질문형 문장으로 정리
CHK-0094,PROC_WET_WATERPROOF,습식·방수,습식·방수,rough_in,,3,공정별 체크리스트,115,습식 방수 공사,습식 작업 할 곳에 마킹이 되어있는가?,습식 작업 할 곳에 마킹이 되어있는가?,True,low,NOT_STARTED,방수 작업자,완료|문제있음|사진찍기|메모,미착수|진행중|완료|보류|문제발생|재확인 요청,False,
CHK-0095,PROC_WET_WATERPROOF,습식·방수,습식·방수,rough_in,,4,공정별 체크리스트,116,습식 방수 공사,샤워 부스 조적 작업 시 하단 박스 마감 전 H 380이상 2단 박스 H : 350 이상,샤워 부스 조적 작업 시 하단 박스 마감 전 H 380이상 2단 박스 H : 350 이상을(를) 확인하였는가?,True,medium,NOT_STARTED,방수 작업자,완료|문제있음|사진찍기|메모,미착수|진행중|완료|보류|문제발생|재확인 요청,True,자동 질문형 변환 문장. 실무 표현 검수 권장
CHK-0096,PROC_WET_WATERPROOF,습식·방수,습식·방수,rough_in,,5,공정별 체크리스트,117,습식 방수 공사,작업자가 방수액을 적절히 잘 섞어쓰고 있는가?,작업자가 방수액을 적절히 잘 섞어쓰고 있는가?,True,high,NOT_STARTED,방수 작업자,완료|문제있음|사진찍기|메모,미착수|진행중|완료|보류|문제발생|재확인 요청,False,
CHK-0097,PROC_WET_WATERPROOF,습식·방수,습식·방수,rough_in,,6,공정별 체크리스트,118,습식 방수 공사,셀프레벨링 자재가 준비되어 있는가,셀프레벨링 자재가 준비되어 있는가?,True,medium,NOT_STARTED,방수 작업자,완료|문제있음|사진찍기|메모,미착수|진행중|완료|보류|문제발생|재확인 요청,False,앱용 질문형 문장으로 정리
CHK-0098,PROC_WET_WATERPROOF,습식·방수,습식·방수,rough_in,,7,공정별 체크리스트,119,습식 방수 공사,바닥에 S/L작업을 할곳이 어디인가?,바닥에 S/L작업을 할곳이 어디인가?,True,low,NOT_STARTED,방수 작업자,완료|문제있음|사진찍기|메모,미착수|진행중|완료|보류|문제발생|재확인 요청,False,
CHK-0099,PROC_WET_WATERPROOF,습식·방수,습식·방수,rough_in,,8,공정별 체크리스트,120,습식 방수 공사,확장구간에 사용할 방열판은 준비되어 있는가.,확장구간에 사용할 방열판은 준비되어 있는가?,True,low,NOT_STARTED,방수 작업자,완료|문제있음|사진찍기|메모,미착수|진행중|완료|보류|문제발생|재확인 요청,False,앱용 질문형 문장으로 정리
CHK-0100,PROC_WET_WATERPROOF,습식·방수,습식·방수,rough_in,,9,공정별 체크리스트,121,습식 방수 공사,확장구간 시다지는 기존 바닥 면보다 5MM낮게 채워져 있는가?,확장구간 시다지는 기존 바닥 면보다 5MM낮게 채워져 있는가?,True,low,NOT_STARTED,방수 작업자,완료|문제있음|사진찍기|메모,미착수|진행중|완료|보류|문제발생|재확인 요청,False,
CHK-0101,PROC_WET_WATERPROOF,습식·방수,습식·방수,rough_in,,10,공정별 체크리스트,122,습식 방수 공사,1차 방수 완결방수 1말 물 섞지 않고 레미탈 배합으로만 시공하였는가?,1차 방수 완결방수 1말 물 섞지 않고 레미탈 배합으로만 시공하였는가?,True,high,NOT_STARTED,방수 작업자,완료|문제있음|사진찍기|메모,미착수|진행중|완료|보류|문제발생|재확인 요청,False,
CHK-0102,PROC_WET_WATERPROOF,습식·방수,습식·방수,rough_in,,11,공정별 체크리스트,123,습식 방수 공사,(샤워 부스 부분 H : 1800 이상 일반 벽체 H : 600 이상),(샤워 부스 부분 H : 1800 이상 일반 벽체 H : 600 이상)을(를) 확인하였는가?,True,low,NOT_STARTED,방수 작업자,완료|문제있음|사진찍기|메모,미착수|진행중|완료|보류|문제발생|재확인 요청,True,자동 질문형 변환 문장. 실무 표현 검수 권장
CHK-0103,PROC_WET_WATERPROOF,습식·방수,습식·방수,rough_in,,12,공정별 체크리스트,124,습식 방수 공사,2차 방수프로 1말 물 1말 레미탈 2개 3분이상 믹스 후 시공하였는가?,2차 방수프로 1말 물 1말 레미탈 2개 3분이상 믹스 후 시공하였는가?,True,high,NOT_STARTED,방수 작업자,완료|문제있음|사진찍기|메모,미착수|진행중|완료|보류|문제발생|재확인 요청,False,
CHK-0104,PROC_WET_WATERPROOF,습식·방수,습식·방수,rough_in,,13,공정별 체크리스트,125,습식 방수 공사,3차 비노출 우레탄 코너라인 빠진곳 없이 잘 발라져 있는가?,3차 비노출 우레탄 코너라인 빠진곳 없이 잘 발라져 있는가?,True,low,NOT_STARTED,방수 작업자,완료|문제있음|사진찍기|메모,미착수|진행중|완료|보류|문제발생|재확인 요청,False,
CHK-0105,PROC_WET_WATERPROOF,습식·방수,습식·방수,rough_in,,14,공정별 체크리스트,126,습식 방수 공사,주택 공사시 외부 누수 확인했는가?,주택 공사시 외부 누수 확인했는가?,True,high,NOT_STARTED,방수 작업자,완료|문제있음|사진찍기|메모,미착수|진행중|완료|보류|문제발생|재확인 요청,False,
CHK-0106,PROC_WET_WATERPROOF,습식·방수,습식·방수,rough_in,,15,공정별 체크리스트,127,습식 방수 공사,"(공사 기간 중 비오는 날 현장 확인 필수, 토,일 공휴일 상관없이)","(공사 기간 중 비오는 날 현장 확인 필수, 토,일 공휴일 상관없이)을(를) 확인하였는가?",True,low,NOT_STARTED,방수 작업자,완료|문제있음|사진찍기|메모,미착수|진행중|완료|보류|문제발생|재확인 요청,True,자동 질문형 변환 문장. 실무 표현 검수 권장
CHK-0107,PROC_WET_WATERPROOF,습식·방수,습식·방수,rough_in,,16,공정별 체크리스트,128,습식 방수 공사,주택 공사 시 옥상 방수 상태 필히 확인했는가?,주택 공사 시 옥상 방수 상태 필히 확인했는가?,True,high,NOT_STARTED,방수 작업자,완료|문제있음|사진찍기|메모,미착수|진행중|완료|보류|문제발생|재확인 요청,False,
CHK-0108,PROC_WET_WATERPROOF,습식·방수,습식·방수,rough_in,,17,공정별 체크리스트,129,습식 방수 공사,주택 공사시 화장실 벽체 벽돌 or 보로고 확인했는가?,주택 공사시 화장실 벽체 벽돌 or 보로고 확인했는가?,True,low,NOT_STARTED,방수 작업자,완료|문제있음|사진찍기|메모,미착수|진행중|완료|보류|문제발생|재확인 요청,False,
CHK-0109,PROC_WET_WATERPROOF,습식·방수,습식·방수,rough_in,,18,공정별 체크리스트,130,습식 방수 공사,주택 공사 시 화장실 벽체 보로고 시 하부 방수전 보강 작업 필요 유무 확인했는가?,주택 공사 시 화장실 벽체 보로고 시 하부 방수전 보강 작업 필요 유무 확인했는가?,True,high,NOT_STARTED,방수 작업자,완료|문제있음|사진찍기|메모,미착수|진행중|완료|보류|문제발생|재확인 요청,False,
CHK-0110,PROC_WET_WATERPROOF,습식·방수,습식·방수,rough_in,,19,공정별 체크리스트,131,습식 방수 공사,방수 공사 시방은 리비안 디자인의 시공을 철저하게 지켰는가?,방수 공사 시방은 리비안 디자인의 시공을 철저하게 지켰는가?,True,high,NOT_STARTED,방수 작업자,완료|문제있음|사진찍기|메모,미착수|진행중|완료|보류|문제발생|재확인 요청,False,
CHK-0111,PROC_WET_WATERPROOF,습식·방수,습식·방수,rough_in,,20,공정별 체크리스트,132,습식 방수 공사,발코니쪽 미장한 곳이 기존 면보다 더 높게 미장되 있지 않은가?,발코니쪽 미장한 곳이 기존 면보다 더 높게 미장되 있지 않은가?,True,low,NOT_STARTED,방수 작업자,완료|문제있음|사진찍기|메모,미착수|진행중|완료|보류|문제발생|재확인 요청,False,
CHK-0112,PROC_WET_WATERPROOF,습식·방수,습식·방수,rough_in,,21,공정별 체크리스트,133,습식 방수 공사,습식공사가 끝난 후 충분한 물축임을 하고 있는가?,습식공사가 끝난 후 충분한 물축임을 하고 있는가?,True,low,NOT_STARTED,방수 작업자,완료|문제있음|사진찍기|메모,미착수|진행중|완료|보류|문제발생|재확인 요청,False,
CHK-0113,PROC_WET_WATERPROOF,습식·방수,습식·방수,rough_in,,22,공정별 체크리스트,134,습식 방수 공사,난로는 충분히 준비되어 있는가?(겨울철),난로는 충분히 준비되어 있는가?(겨울철),True,low,NOT_STARTED,방수 작업자,완료|문제있음|사진찍기|메모,미착수|진행중|완료|보류|문제발생|재확인 요청,False,
CHK-0114,PROC_WET_WATERPROOF,습식·방수,습식·방수,rough_in,,23,공정별 체크리스트,135,습식 방수 공사,욕조작업이 끝나고 조적일정을 잡아 놨는가?,욕조작업이 끝나고 조적일정을 잡아 놨는가?,True,low,NOT_STARTED,방수 작업자,완료|문제있음|사진찍기|메모,미착수|진행중|완료|보류|문제발생|재확인 요청,False,
CHK-0115,PROC_WET_WATERPROOF,습식·방수,습식·방수,rough_in,,24,공정별 체크리스트,137,습식 방수 공사,발주 된 샷시 스펙은 맞는가?,발주 된 샷시 스펙은 맞는가?,True,medium,NOT_STARTED,방수 작업자,완료|문제있음|사진찍기|메모,미착수|진행중|완료|보류|문제발생|재확인 요청,False,
CHK-0116,PROC_WET_WATERPROOF,습식·방수,습식·방수,rough_in,,25,공정별 체크리스트,138,습식 방수 공사,"(문틀 사이즈, 색상, 유리 스펙, 손잡이, 방충망 외)","(문틀 사이즈, 색상, 유리 스펙, 손잡이, 방충망 외)을(를) 확인하였는가?",True,medium,NOT_STARTED,방수 작업자,완료|문제있음|사진찍기|메모,미착수|진행중|완료|보류|문제발생|재확인 요청,True,자동 질문형 변환 문장. 실무 표현 검수 권장
CHK-0117,PROC_WINDOW,샷시,창호,rough_in,,1,공정별 체크리스트,139,샷시공사,샷시 마감을 얼마나 잡을지 정했는가?,샷시 마감을 얼마나 잡을지 정했는가?,True,medium,NOT_STARTED,샷시 작업자,완료|문제있음|사진찍기|메모,미착수|진행중|완료|보류|문제발생|재확인 요청,False,
CHK-0118,PROC_WINDOW,샷시,창호,rough_in,,2,공정별 체크리스트,140,샷시공사,단열이 필요한 자리에 샷시 공틀이 설치되어 있는가?,단열이 필요한 자리에 샷시 공틀이 설치되어 있는가?,True,high,NOT_STARTED,샷시 작업자,완료|문제있음|사진찍기|메모,미착수|진행중|완료|보류|문제발생|재확인 요청,False,
CHK-0119,PROC_WINDOW,샷시,창호,rough_in,,3,공정별 체크리스트,141,샷시공사,샷시 와 콘크리트 틀 이격이 20mm 이내 인가?,샷시 와 콘크리트 틀 이격이 20mm 이내 인가?,True,medium,NOT_STARTED,샷시 작업자,완료|문제있음|사진찍기|메모,미착수|진행중|완료|보류|문제발생|재확인 요청,False,
CHK-0120,PROC_WINDOW,샷시,창호,rough_in,,4,공정별 체크리스트,142,샷시공사,샷시 틀과 콘크리트 틀 이격에 우레탄 폼이 꽉차게 충진되었는가?,샷시 틀과 콘크리트 틀 이격에 우레탄 폼이 꽉차게 충진되었는가?,True,medium,NOT_STARTED,샷시 작업자,완료|문제있음|사진찍기|메모,미착수|진행중|완료|보류|문제발생|재확인 요청,False,
CHK-0121,PROC_WINDOW,샷시,창호,rough_in,,5,공정별 체크리스트,143,샷시공사,샷시 작업 후 실리콘 처리가 제대로 되어 있는가?,샷시 작업 후 실리콘 처리가 제대로 되어 있는가?,True,medium,NOT_STARTED,샷시 작업자,완료|문제있음|사진찍기|메모,미착수|진행중|완료|보류|문제발생|재확인 요청,False,
CHK-0122,PROC_WINDOW,샷시,창호,rough_in,,6,공정별 체크리스트,144,샷시공사,(실리콘은 외장용 실리콘으로 시공 되었는가?,(실리콘은 외장용 실리콘으로 시공 되었는가?,True,medium,NOT_STARTED,샷시 작업자,완료|문제있음|사진찍기|메모,미착수|진행중|완료|보류|문제발생|재확인 요청,False,
CHK-0123,PROC_WINDOW,샷시,창호,rough_in,,7,공정별 체크리스트,145,샷시공사,샷시와 방충방의 상태가 훼손 된곳이 있는가?,샷시와 방충방의 상태가 훼손 된곳이 있는가?,True,medium,NOT_STARTED,샷시 작업자,완료|문제있음|사진찍기|메모,미착수|진행중|완료|보류|문제발생|재확인 요청,False,
CHK-0124,PROC_WINDOW,샷시,창호,rough_in,,8,공정별 체크리스트,146,샷시공사,(샷시 레일 부분 필히 확인 창문 넣어면서 끍힘 발생 많음),(샷시 레일 부분 필히 확인 창문 넣어면서 끍힘 발생 많음)을(를) 확인하였는가?,True,medium,NOT_STARTED,샷시 작업자,완료|문제있음|사진찍기|메모,미착수|진행중|완료|보류|문제발생|재확인 요청,True,자동 질문형 변환 문장. 실무 표현 검수 권장
CHK-0125,PROC_WINDOW,샷시,창호,rough_in,,9,공정별 체크리스트,147,샷시공사,터닝도어는 유리까지 고정이 되어 있는가?,터닝도어는 유리까지 고정이 되어 있는가?,True,low,NOT_STARTED,샷시 작업자,완료|문제있음|사진찍기|메모,미착수|진행중|완료|보류|문제발생|재확인 요청,False,
CHK-0126,PROC_WINDOW,샷시,창호,rough_in,,10,공정별 체크리스트,148,샷시공사,샷시 손잡이 보양은 하였는가?,샷시 손잡이 보양은 하였는가?,True,medium,NOT_STARTED,샷시 작업자,완료|문제있음|사진찍기|메모,미착수|진행중|완료|보류|문제발생|재확인 요청,False,
CHK-0127,PROC_WINDOW,샷시,창호,rough_in,,11,공정별 체크리스트,149,샷시공사,기존 샷시의 손잡이 및 액세서리 상태를 확인하고 교체여부를 고객과 이야기 하였는가?,기존 샷시의 손잡이 및 액세서리 상태를 확인하고 교체여부를 고객과 이야기 하였는가?,True,medium,NOT_STARTED,샷시 작업자,완료|문제있음|사진찍기|메모,미착수|진행중|완료|보류|문제발생|재확인 요청,False,
CHK-0128,PROC_WINDOW,샷시,창호,rough_in,,12,공정별 체크리스트,150,샷시공사,기존 샷시의 상태를 확인하였는가?,기존 샷시의 상태를 확인하였는가?,True,medium,NOT_STARTED,샷시 작업자,완료|문제있음|사진찍기|메모,미착수|진행중|완료|보류|문제발생|재확인 요청,False,
CHK-0129,PROC_WINDOW,샷시,창호,rough_in,,13,공정별 체크리스트,151,샷시공사,큰 창 하부의 버팀목이 충분한가?,큰 창 하부의 버팀목이 충분한가?,True,low,NOT_STARTED,샷시 작업자,완료|문제있음|사진찍기|메모,미착수|진행중|완료|보류|문제발생|재확인 요청,False,
CHK-0130,PROC_WINDOW,샷시,창호,rough_in,,14,공정별 체크리스트,152,샷시공사,확장부 신규 설치 샷시 하부 버팀목은 금속 or 습식으로 구성하였는가?,확장부 신규 설치 샷시 하부 버팀목은 금속 or 습식으로 구성하였는가?,True,medium,NOT_STARTED,샷시 작업자,완료|문제있음|사진찍기|메모,미착수|진행중|완료|보류|문제발생|재확인 요청,False,
CHK-0131,PROC_WINDOW,샷시,창호,rough_in,,15,공정별 체크리스트,153,샷시공사,샷시 주변 충진재의 작업이 제대로 되어있는가?,샷시 주변 충진재의 작업이 제대로 되어있는가?,True,medium,NOT_STARTED,샷시 작업자,완료|문제있음|사진찍기|메모,미착수|진행중|완료|보류|문제발생|재확인 요청,False,
CHK-0132,PROC_CARPENTRY,목공,목공,finish,,1,공정별 체크리스트,155,목공사,목자재가 충분한가?,목자재가 충분한가?,True,medium,NOT_STARTED,목공 작업자,완료|문제있음|사진찍기|메모,미착수|진행중|완료|보류|문제발생|재확인 요청,False,
CHK-0133,PROC_CARPENTRY,목공,목공,finish,,2,공정별 체크리스트,156,목공사,목공사 부속자재들이 충분한가?,목공사 부속자재들이 충분한가?,True,medium,NOT_STARTED,목공 작업자,완료|문제있음|사진찍기|메모,미착수|진행중|완료|보류|문제발생|재확인 요청,False,
CHK-0134,PROC_CARPENTRY,목공,목공,finish,,3,공정별 체크리스트,157,목공사,내가 목공사 디테일을 다 파악하고 목수에게 설명할 수 있는가?,내가 목공사 디테일을 다 파악하고 목수에게 설명할 수 있는가?,True,medium,NOT_STARTED,목공 작업자,완료|문제있음|사진찍기|메모,미착수|진행중|완료|보류|문제발생|재확인 요청,False,
CHK-0135,PROC_CARPENTRY,목공,목공,finish,,4,공정별 체크리스트,158,목공사,현관 중문 형태에 따른 보강 or 틀이 정확하게 시공되었는가?,현관 중문 형태에 따른 보강 or 틀이 정확하게 시공되었는가?,True,medium,NOT_STARTED,목공 작업자,완료|문제있음|사진찍기|메모,미착수|진행중|완료|보류|문제발생|재확인 요청,False,
CHK-0136,PROC_CARPENTRY,목공,목공,finish,,5,공정별 체크리스트,160,목공사,커튼박스 폭은 얼마로 하기로 했는가?,커튼박스 폭은 얼마로 하기로 했는가?,True,low,NOT_STARTED,목공 작업자,완료|문제있음|사진찍기|메모,미착수|진행중|완료|보류|문제발생|재확인 요청,False,
CHK-0137,PROC_CARPENTRY,목공,목공,finish,,6,공정별 체크리스트,161,목공사,길이 창문 마감선에서 양옆 50mm 크게,길이 창문 마감선에서 양옆 50mm 크게을(를) 확인하였는가?,True,medium,NOT_STARTED,목공 작업자,완료|문제있음|사진찍기|메모,미착수|진행중|완료|보류|문제발생|재확인 요청,True,자동 질문형 변환 문장. 실무 표현 검수 권장
CHK-0138,PROC_CARPENTRY,목공,목공,finish,,7,공정별 체크리스트,162,목공사,폭 커튼 구동기 2대 설치 가능한 180mm 확보,폭 커튼 구동기 2대 설치 가능한 180mm 확보하였는가?,True,medium,NOT_STARTED,목공 작업자,완료|문제있음|사진찍기|메모,미착수|진행중|완료|보류|문제발생|재확인 요청,False,앱용 질문형 문장으로 정리
CHK-0139,PROC_CARPENTRY,목공,목공,finish,,8,공정별 체크리스트,163,목공사,(전동 커튼 설치 구간 확인 후 전원 확인),(전동 커튼 설치 구간 확인 후 전원 확인)을(를) 확인하였는가?,True,medium,NOT_STARTED,목공 작업자,완료|문제있음|사진찍기|메모,미착수|진행중|완료|보류|문제발생|재확인 요청,True,자동 질문형 변환 문장. 실무 표현 검수 권장
CHK-0140,PROC_CARPENTRY,목공,목공,finish,,9,공정별 체크리스트,164,목공사,높이 최소 100mm 이상 확보,높이를 최소 100mm 이상 확보하였는가?,True,medium,NOT_STARTED,목공 작업자,완료|문제있음|사진찍기|메모,미착수|진행중|완료|보류|문제발생|재확인 요청,False,앱용 질문형 문장으로 정리
CHK-0141,PROC_CARPENTRY,목공,목공,finish,,10,공정별 체크리스트,165,목공사,인원은 충분한가?,인원은 충분한가?,True,low,NOT_STARTED,목공 작업자,완료|문제있음|사진찍기|메모,미착수|진행중|완료|보류|문제발생|재확인 요청,False,
CHK-0142,PROC_CARPENTRY,목공,목공,finish,,11,공정별 체크리스트,166,목공사,마감작업시 목공본드는 충분히 바르고 있는가?,마감작업시 목공본드는 충분히 바르고 있는가?,True,medium,NOT_STARTED,목공 작업자,완료|문제있음|사진찍기|메모,미착수|진행중|완료|보류|문제발생|재확인 요청,False,
CHK-0143,PROC_CARPENTRY,목공,목공,finish,,12,공정별 체크리스트,167,목공사,게이트 및 문 상부에 5MM 골은 잘 지키고 있는가?,게이트 및 문 상부에 5MM 골은 잘 지키고 있는가?,True,medium,NOT_STARTED,목공 작업자,완료|문제있음|사진찍기|메모,미착수|진행중|완료|보류|문제발생|재확인 요청,False,
CHK-0144,PROC_CARPENTRY,목공,목공,finish,,13,공정별 체크리스트,168,목공사,도어 형태에 따른 문틀 도어 핸들 스펙에 맞게 목작업이 이루어졌는가?,도어 형태에 따른 문틀 도어 핸들 스펙에 맞게 목작업이 이루어졌는가?,True,medium,NOT_STARTED,목공 작업자,완료|문제있음|사진찍기|메모,미착수|진행중|완료|보류|문제발생|재확인 요청,False,
CHK-0145,PROC_CARPENTRY,목공,목공,finish,,14,공정별 체크리스트,169,목공사,필름작업하는곳의 알판 폭이 1150을 넘지는 않는가?,필름작업하는곳의 알판 폭이 1150을 넘지는 않는가?,True,medium,NOT_STARTED,목공 작업자,완료|문제있음|사진찍기|메모,미착수|진행중|완료|보류|문제발생|재확인 요청,False,
CHK-0146,PROC_CARPENTRY,목공,목공,finish,,15,공정별 체크리스트,170,목공사,"(벽 이나 기둥을 감아 넘어오는 구간은 벽, 기둥 포함 1150을 넘지 않아야 한다)","(벽 이나 기둥을 감아 넘어오는 구간은 벽, 기둥 포함 1150을 넘지 않아야 한다)을(를) 확인하였는가?",True,low,NOT_STARTED,목공 작업자,완료|문제있음|사진찍기|메모,미착수|진행중|완료|보류|문제발생|재확인 요청,True,자동 질문형 변환 문장. 실무 표현 검수 권장
CHK-0147,PROC_CARPENTRY,목공,목공,finish,,16,공정별 체크리스트,171,목공사,가구가 들어가는 곳의 마감에 걸레받이가 들어가는가?,가구가 들어가는 곳의 마감에 걸레받이가 들어가는가?,True,medium,NOT_STARTED,목공 작업자,완료|문제있음|사진찍기|메모,미착수|진행중|완료|보류|문제발생|재확인 요청,False,
CHK-0148,PROC_CARPENTRY,목공,목공,finish,,17,공정별 체크리스트,172,목공사,"가구가 들어가는 곳의 목마감이 수직 수평이 맞는가?(천정, 벽)","가구가 들어가는 곳의 목마감이 수직 수평이 맞는가?(천정, 벽)",True,medium,NOT_STARTED,목공 작업자,완료|문제있음|사진찍기|메모,미착수|진행중|완료|보류|문제발생|재확인 요청,False,
CHK-0149,PROC_CARPENTRY,목공,목공,finish,,18,공정별 체크리스트,173,목공사,콘센트 등의 기구류가 가려 지지는 않았는가?,콘센트 등의 기구류가 가려 지지는 않았는가?,True,high,NOT_STARTED,목공 작업자,완료|문제있음|사진찍기|메모,미착수|진행중|완료|보류|문제발생|재확인 요청,False,
CHK-0150,PROC_CARPENTRY,목공,목공,finish,,19,공정별 체크리스트,174,목공사,"인터넷함, 분전함이 가려지지는 않았는가?","인터넷함, 분전함이 가려지지는 않았는가?",True,low,NOT_STARTED,목공 작업자,완료|문제있음|사진찍기|메모,미착수|진행중|완료|보류|문제발생|재확인 요청,False,
CHK-0151,PROC_CARPENTRY,목공,목공,finish,,20,공정별 체크리스트,175,목공사,도배와 필름또는 페인트의 마감 연결부가 제대로 되어있는가?,도배와 필름또는 페인트의 마감 연결부가 제대로 되어있는가?,True,medium,NOT_STARTED,목공 작업자,완료|문제있음|사진찍기|메모,미착수|진행중|완료|보류|문제발생|재확인 요청,False,
CHK-0152,PROC_CARPENTRY,목공,목공,finish,,21,공정별 체크리스트,176,목공사,사각 템바보드 뒤를 MDF로 마감하였는가?,사각 템바보드 뒤를 MDF로 마감하였는가?,True,medium,NOT_STARTED,목공 작업자,완료|문제있음|사진찍기|메모,미착수|진행중|완료|보류|문제발생|재확인 요청,False,
CHK-0153,PROC_CARPENTRY,목공,목공,finish,,22,공정별 체크리스트,177,목공사,라인조명박스가 튼튼한가? 라인조명 제조사와 스펙확인을 하였는가?,라인조명박스가 튼튼한가? 라인조명 제조사와 스펙확인을 하였는가?,True,low,NOT_STARTED,목공 작업자,완료|문제있음|사진찍기|메모,미착수|진행중|완료|보류|문제발생|재확인 요청,False,
CHK-0154,PROC_CARPENTRY,목공,목공,finish,,23,공정별 체크리스트,178,목공사,(천정 라인 따기 시 박스 상부에 보강 작업이 되어 있는가?),(천정 라인 따기 시 박스 상부에 보강 작업이 되어 있는가?),True,low,NOT_STARTED,목공 작업자,완료|문제있음|사진찍기|메모,미착수|진행중|완료|보류|문제발생|재확인 요청,False,
CHK-0155,PROC_CARPENTRY,목공,목공,finish,,24,공정별 체크리스트,179,목공사,"라인 조명, 마그네틱 조명, 매립 관련 조명 샘플은 현장에 있는가?","라인 조명, 마그네틱 조명, 매립 관련 조명 샘플은 현장에 있는가?",True,low,NOT_STARTED,목공 작업자,완료|문제있음|사진찍기|메모,미착수|진행중|완료|보류|문제발생|재확인 요청,False,
CHK-0156,PROC_CARPENTRY,목공,목공,finish,,25,공정별 체크리스트,180,목공사,사전 설치 되어야 하는 라인조명 하우징 or 마그네틱 레일 발주되었는가?,사전 설치 되어야 하는 라인조명 하우징 or 마그네틱 레일 발주되었는가?,True,medium,NOT_STARTED,목공 작업자,완료|문제있음|사진찍기|메모,미착수|진행중|완료|보류|문제발생|재확인 요청,False,
CHK-0157,PROC_CARPENTRY,목공,목공,finish,,26,공정별 체크리스트,181,목공사,등 위치를 잡고 고객과 미팅을 하였는가?,등 위치를 잡고 고객과 미팅을 하였는가?,True,medium,NOT_STARTED,목공 작업자,완료|문제있음|사진찍기|메모,미착수|진행중|완료|보류|문제발생|재확인 요청,False,
CHK-0158,PROC_CARPENTRY,목공,목공,finish,,27,공정별 체크리스트,182,목공사,TV위치가 정확하게 고객과 의논이 되었는가?,TV위치가 정확하게 고객과 의논이 되었는가?,True,medium,NOT_STARTED,목공 작업자,완료|문제있음|사진찍기|메모,미착수|진행중|완료|보류|문제발생|재확인 요청,False,
CHK-0159,PROC_CARPENTRY,목공,목공,finish,,28,공정별 체크리스트,183,목공사,벽걸이 TV 시 브라켓 위치에 보강은 했는가?,벽걸이 TV 시 브라켓 위치에 보강은 했는가?,True,low,NOT_STARTED,목공 작업자,완료|문제있음|사진찍기|메모,미착수|진행중|완료|보류|문제발생|재확인 요청,False,
CHK-0160,PROC_CARPENTRY,목공,목공,finish,,29,공정별 체크리스트,184,목공사,거실 천정 실링펜 설치 시 전청 보강은 했는가?,거실 천정 실링펜 설치 시 전청 보강은 했는가?,True,medium,NOT_STARTED,목공 작업자,완료|문제있음|사진찍기|메모,미착수|진행중|완료|보류|문제발생|재확인 요청,False,
CHK-0161,PROC_CARPENTRY,목공,목공,finish,,30,공정별 체크리스트,185,목공사,커튼박스 크기가 맞는가?,커튼박스 크기가 맞는가?,True,low,NOT_STARTED,목공 작업자,완료|문제있음|사진찍기|메모,미착수|진행중|완료|보류|문제발생|재확인 요청,False,
CHK-0162,PROC_CARPENTRY,목공,목공,finish,,31,공정별 체크리스트,186,목공사,가구가 들어가는곳의 깊이가 충분한가?,가구가 들어가는곳의 깊이가 충분한가?,True,medium,NOT_STARTED,목공 작업자,완료|문제있음|사진찍기|메모,미착수|진행중|완료|보류|문제발생|재확인 요청,False,
CHK-0163,PROC_CARPENTRY,목공,목공,finish,,32,공정별 체크리스트,187,목공사,해당현장의 천정 몰딩 마감의 종류가 무엇인지 확인하였는가?,해당현장의 천정 몰딩 마감의 종류가 무엇인지 확인하였는가?,True,medium,NOT_STARTED,목공 작업자,완료|문제있음|사진찍기|메모,미착수|진행중|완료|보류|문제발생|재확인 요청,False,
CHK-0164,PROC_CARPENTRY,목공,목공,finish,,33,공정별 체크리스트,188,목공사,"스피커, 스프링클러, 감지기, 디퓨져등의 기구류가 라인이 맞는가?","스피커, 스프링클러, 감지기, 디퓨져등의 기구류가 라인이 맞는가?",True,high,NOT_STARTED,목공 작업자,완료|문제있음|사진찍기|메모,미착수|진행중|완료|보류|문제발생|재확인 요청,False,
CHK-0165,PROC_CARPENTRY,목공,목공,finish,,34,공정별 체크리스트,189,목공사,천정 층고는 너무 낮지 않은가?,천정 층고는 너무 낮지 않은가?,True,low,NOT_STARTED,목공 작업자,완료|문제있음|사진찍기|메모,미착수|진행중|완료|보류|문제발생|재확인 요청,False,
CHK-0166,PROC_CARPENTRY,목공,목공,finish,,35,공정별 체크리스트,190,목공사,빠뜨린 감지기는 없는가?,빠뜨린 감지기는 없는가?,True,high,NOT_STARTED,목공 작업자,완료|문제있음|사진찍기|메모,미착수|진행중|완료|보류|문제발생|재확인 요청,False,
CHK-0167,PROC_CARPENTRY,목공,목공,finish,,36,공정별 체크리스트,191,목공사,가구와의 간섭관계에 문제는 없는가?,가구와의 간섭관계에 문제는 없는가?,True,medium,NOT_STARTED,목공 작업자,완료|문제있음|사진찍기|메모,미착수|진행중|완료|보류|문제발생|재확인 요청,False,
CHK-0168,PROC_CARPENTRY,목공,목공,finish,,37,공정별 체크리스트,192,목공사,목작업을 하고 매일매일 정리정돈을 하고 있는가?,목작업을 하고 매일매일 정리정돈을 하고 있는가?,True,low,NOT_STARTED,목공 작업자,완료|문제있음|사진찍기|메모,미착수|진행중|완료|보류|문제발생|재확인 요청,False,
CHK-0169,PROC_CARPENTRY,목공,목공,finish,,38,공정별 체크리스트,193,목공사,필름작업을 하기위해 현장청소를 마무리 하였는가?,필름작업을 하기위해 현장청소를 마무리 하였는가?,True,medium,NOT_STARTED,목공 작업자,완료|문제있음|사진찍기|메모,미착수|진행중|완료|보류|문제발생|재확인 요청,False,
CHK-0170,PROC_CARPENTRY,목공,목공,finish,,39,공정별 체크리스트,194,목공사,가구문짝과 등기구 및 기타 기구류 위치가 간섭이 되는가?,가구문짝과 등기구 및 기타 기구류 위치가 간섭이 되는가?,True,medium,NOT_STARTED,목공 작업자,완료|문제있음|사진찍기|메모,미착수|진행중|완료|보류|문제발생|재확인 요청,False,
CHK-0171,PROC_FILM,필름,필름,finish,,1,공정별 체크리스트,196,필름공사,필름작업할 곳에 대한 정보를 작업반장에게 전달하였는가?,필름작업할 곳에 대한 정보를 작업반장에게 전달하였는가?,True,medium,NOT_STARTED,필름 작업자,완료|문제있음|사진찍기|메모,미착수|진행중|완료|보류|문제발생|재확인 요청,False,
CHK-0172,PROC_FILM,필름,필름,finish,,2,공정별 체크리스트,197,필름공사,필름의 종류를 미리 알려줬는가?,필름의 종류를 미리 알려줬는가?,True,medium,NOT_STARTED,필름 작업자,완료|문제있음|사진찍기|메모,미착수|진행중|완료|보류|문제발생|재확인 요청,False,
CHK-0173,PROC_FILM,필름,필름,finish,,3,공정별 체크리스트,198,필름공사,퍼티는 포리퍼티인가?,퍼티는 포리퍼티인가?,True,low,NOT_STARTED,필름 작업자,완료|문제있음|사진찍기|메모,미착수|진행중|완료|보류|문제발생|재확인 요청,False,
CHK-0174,PROC_FILM,필름,필름,finish,,4,공정별 체크리스트,199,필름공사,프라이머는 유성프라이머를 사용하는가?,프라이머는 유성프라이머를 사용하는가?,True,low,NOT_STARTED,필름 작업자,완료|문제있음|사진찍기|메모,미착수|진행중|완료|보류|문제발생|재확인 요청,False,
CHK-0175,PROC_FILM,필름,필름,finish,,5,공정별 체크리스트,200,필름공사,필름 작업한 곳의 면 상태를 확인하였는가?,필름 작업한 곳의 면 상태를 확인하였는가?,True,medium,NOT_STARTED,필름 작업자,완료|문제있음|사진찍기|메모,미착수|진행중|완료|보류|문제발생|재확인 요청,False,
CHK-0176,PROC_FILM,필름,필름,finish,,6,공정별 체크리스트,201,필름공사,샷시 필름 작업시 샷시 악세서리의 재사용 여부를 확인하였는가?,샷시 필름 작업시 샷시 악세서리의 재사용 여부를 확인하였는가?,True,medium,NOT_STARTED,필름 작업자,완료|문제있음|사진찍기|메모,미착수|진행중|완료|보류|문제발생|재확인 요청,False,
CHK-0177,PROC_FILM,필름,필름,finish,,7,공정별 체크리스트,202,필름공사,필름에 기포가 생긴곳은 없는가?,필름에 기포가 생긴곳은 없는가?,True,medium,NOT_STARTED,필름 작업자,완료|문제있음|사진찍기|메모,미착수|진행중|완료|보류|문제발생|재확인 요청,False,
CHK-0178,PROC_FILM,필름,필름,finish,,8,공정별 체크리스트,203,필름공사,필름이 찍힌곳은 없는가?,필름이 찍힌곳은 없는가?,True,medium,NOT_STARTED,필름 작업자,완료|문제있음|사진찍기|메모,미착수|진행중|완료|보류|문제발생|재확인 요청,False,
CHK-0179,PROC_FILM,필름,필름,finish,,9,공정별 체크리스트,204,필름공사,필름작업 중 들어오는 타일곰방에 대하여 미리 언급을 하였는가?(자리 잡기),필름작업 중 들어오는 타일곰방에 대하여 미리 언급을 하였는가?(자리 잡기),True,medium,NOT_STARTED,필름 작업자,완료|문제있음|사진찍기|메모,미착수|진행중|완료|보류|문제발생|재확인 요청,False,
CHK-0180,PROC_FILM,필름,필름,finish,,10,공정별 체크리스트,205,필름공사,필름작업이 더 필요한곳이 없는가?,필름작업이 더 필요한곳이 없는가?,True,medium,NOT_STARTED,필름 작업자,완료|문제있음|사진찍기|메모,미착수|진행중|완료|보류|문제발생|재확인 요청,False,
CHK-0181,PROC_FILM,필름,필름,finish,,11,공정별 체크리스트,206,필름공사,필름작업이 끝나고 보양작업을 하였는가?,필름작업이 끝나고 보양작업을 하였는가?,True,medium,NOT_STARTED,필름 작업자,완료|문제있음|사진찍기|메모,미착수|진행중|완료|보류|문제발생|재확인 요청,False,
CHK-0182,PROC_TILE,타일,타일,finish,,1,공정별 체크리스트,208,타일공사,타일의 파손여부를 확인 하였는가?,타일의 파손여부를 확인하였는가?,True,medium,NOT_STARTED,타일 작업자,완료|문제있음|사진찍기|메모,미착수|진행중|완료|보류|문제발생|재확인 요청,False,
CHK-0183,PROC_TILE,타일,타일,finish,,2,공정별 체크리스트,209,타일공사,타일과 타일 부자재는 충분한가?,타일과 타일 부자재는 충분한가?,True,medium,NOT_STARTED,타일 작업자,완료|문제있음|사진찍기|메모,미착수|진행중|완료|보류|문제발생|재확인 요청,False,
CHK-0184,PROC_TILE,타일,타일,finish,,3,공정별 체크리스트,210,타일공사,(문병철 타일러 시공시 에폭시는 필히 석재용 준비),(문병철 타일러 시공시 에폭시는 필히 석재용 준비)을(를) 확인하였는가?,True,medium,NOT_STARTED,타일 작업자,완료|문제있음|사진찍기|메모,미착수|진행중|완료|보류|문제발생|재확인 요청,True,자동 질문형 변환 문장. 실무 표현 검수 권장
CHK-0185,PROC_TILE,타일,타일,finish,,4,공정별 체크리스트,211,타일공사,타일 시공 부분위 타일 사이즈는 맞는지 넘버는 맞는지 확인했는가?,타일 시공 부분위 타일 사이즈는 맞는지 넘버는 맞는지 확인했는가?,True,medium,NOT_STARTED,타일 작업자,완료|문제있음|사진찍기|메모,미착수|진행중|완료|보류|문제발생|재확인 요청,False,
CHK-0186,PROC_TILE,타일,타일,finish,,5,공정별 체크리스트,212,타일공사,타일 와리는 어떻게 나눌지 확인 하였는가?,타일 와리는 어떻게 나눌지 확인하였는가?,True,medium,NOT_STARTED,타일 작업자,완료|문제있음|사진찍기|메모,미착수|진행중|완료|보류|문제발생|재확인 요청,False,
CHK-0187,PROC_TILE,타일,타일,finish,,6,공정별 체크리스트,213,타일공사,타일마감과 마루마감이 연결되는 부위의 레벨을 정해 줬는가?,타일마감과 마루마감이 연결되는 부위의 레벨을 정해 줬는가?,True,medium,NOT_STARTED,타일 작업자,완료|문제있음|사진찍기|메모,미착수|진행중|완료|보류|문제발생|재확인 요청,False,
CHK-0188,PROC_TILE,타일,타일,finish,,7,공정별 체크리스트,214,타일공사,졸리컷이 들어가야 할 부위를 모두다 설명 하였는가?,졸리컷이 들어가야 할 부위를 모두다 설명 하였는가?,True,low,NOT_STARTED,타일 작업자,완료|문제있음|사진찍기|메모,미착수|진행중|완료|보류|문제발생|재확인 요청,False,
CHK-0189,PROC_TILE,타일,타일,finish,,8,공정별 체크리스트,215,타일공사,졸리컷에 레진작업이 들어가야 할 부위를 다 설명 하였는가?,졸리컷에 레진작업이 들어가야 할 부위를 다 설명 하였는가?,True,low,NOT_STARTED,타일 작업자,완료|문제있음|사진찍기|메모,미착수|진행중|완료|보류|문제발생|재확인 요청,False,
CHK-0190,PROC_TILE,타일,타일,finish,,9,공정별 체크리스트,216,타일공사,타일작업한곳에 파손된 곳이 있는가?,타일작업한곳에 파손된 곳이 있는가?,True,medium,NOT_STARTED,타일 작업자,완료|문제있음|사진찍기|메모,미착수|진행중|완료|보류|문제발생|재확인 요청,False,
CHK-0191,PROC_TILE,타일,타일,finish,,10,공정별 체크리스트,217,타일공사,줄눈은 구석구석 잘 들어 갔는가?,줄눈은 구석구석 잘 들어 갔는가?,True,low,NOT_STARTED,타일 작업자,완료|문제있음|사진찍기|메모,미착수|진행중|완료|보류|문제발생|재확인 요청,False,
CHK-0192,PROC_TILE,타일,타일,finish,,11,공정별 체크리스트,218,타일공사,"줄눈이 떡진곳이 있는가? 특히 트렌치와 육가 내부, 기타코너부위","줄눈이 떡진곳이 있는가? 특히 트렌치와 육가 내부, 기타코너부위",True,low,NOT_STARTED,타일 작업자,완료|문제있음|사진찍기|메모,미착수|진행중|완료|보류|문제발생|재확인 요청,False,
CHK-0193,PROC_TILE,타일,타일,finish,,12,공정별 체크리스트,219,타일공사,남은 타일은 시기에 맞게 반품하였는가?,남은 타일은 시기에 맞게 반품하였는가?,True,medium,NOT_STARTED,타일 작업자,완료|문제있음|사진찍기|메모,미착수|진행중|완료|보류|문제발생|재확인 요청,False,
CHK-0194,PROC_TILE,타일,타일,finish,,13,공정별 체크리스트,220,타일공사,창고에 남은 부자재를 확인하고 발주하였는가?,창고에 남은 부자재를 확인하고 발주하였는가?,True,medium,NOT_STARTED,타일 작업자,완료|문제있음|사진찍기|메모,미착수|진행중|완료|보류|문제발생|재확인 요청,False,
CHK-0195,PROC_TILE,타일,타일,finish,,14,공정별 체크리스트,221,타일공사,타일의 구배는 제대로 되었는가?,타일의 구배는 제대로 되었는가?,True,high,NOT_STARTED,타일 작업자,완료|문제있음|사진찍기|메모,미착수|진행중|완료|보류|문제발생|재확인 요청,False,
CHK-0196,PROC_TILE,타일,타일,finish,,15,공정별 체크리스트,222,타일공사,트랜치는 미리 준비되어 있는가?,트랜치는 미리 준비되어 있는가?,True,low,NOT_STARTED,타일 작업자,완료|문제있음|사진찍기|메모,미착수|진행중|완료|보류|문제발생|재확인 요청,False,
CHK-0197,PROC_TILE,타일,타일,finish,,16,공정별 체크리스트,223,타일공사,(타일 첫날 셋업 시 타일러 랑 확인 후 바로 발주),(타일 첫날 셋업 시 타일러 랑 확인 후 바로 발주)을(를) 확인하였는가?,True,medium,NOT_STARTED,타일 작업자,완료|문제있음|사진찍기|메모,미착수|진행중|완료|보류|문제발생|재확인 요청,True,자동 질문형 변환 문장. 실무 표현 검수 권장
CHK-0198,PROC_TILE,타일,타일,finish,,17,공정별 체크리스트,224,타일공사,"욕실간접등과 타일 마감 높이, 그리고 문 높이에 문제가 있는가?","욕실간접등과 타일 마감 높이, 그리고 문 높이에 문제가 있는가?",True,medium,NOT_STARTED,타일 작업자,완료|문제있음|사진찍기|메모,미착수|진행중|완료|보류|문제발생|재확인 요청,False,
CHK-0199,PROC_TILE,타일,타일,finish,,18,공정별 체크리스트,225,타일공사,타일 마감 높이는 윗집 배관 높이에서 충분이 이격하였는가?,타일 마감 높이는 윗집 배관 높이에서 충분이 이격하였는가?,True,medium,NOT_STARTED,타일 작업자,완료|문제있음|사진찍기|메모,미착수|진행중|완료|보류|문제발생|재확인 요청,False,
CHK-0200,PROC_TILE,타일,타일,finish,,19,공정별 체크리스트,226,타일공사,돔천정이 작업되는데 무리가 없는 환경인가?,돔천정이 작업되는데 무리가 없는 환경인가?,True,low,NOT_STARTED,타일 작업자,완료|문제있음|사진찍기|메모,미착수|진행중|완료|보류|문제발생|재확인 요청,False,
CHK-0201,PROC_TILE,타일,타일,finish,,20,공정별 체크리스트,227,타일공사,"돔천정 설치, 파티션실측, 도기류세팅,탄성코트 일정은 잡혀 있는가?","돔천정 설치, 파티션실측, 도기류세팅,탄성코트 일정은 잡혀 있는가?",True,medium,NOT_STARTED,타일 작업자,완료|문제있음|사진찍기|메모,미착수|진행중|완료|보류|문제발생|재확인 요청,False,
CHK-0202,PROC_TILE,타일,타일,finish,,21,공정별 체크리스트,228,타일공사,수전 및 도기류는 빠짐없이 들어와 있는가?,수전 및 도기류는 빠짐없이 들어와 있는가?,True,low,NOT_STARTED,타일 작업자,완료|문제있음|사진찍기|메모,미착수|진행중|완료|보류|문제발생|재확인 요청,False,
CHK-0203,PROC_TILE,타일,타일,finish,,22,공정별 체크리스트,229,타일공사,욕실장 및 거울류를 발주 하였는가?,욕실장 및 거울류를 발주 하였는가?,True,low,NOT_STARTED,타일 작업자,완료|문제있음|사진찍기|메모,미착수|진행중|완료|보류|문제발생|재확인 요청,False,
CHK-0204,PROC_TILE,타일,타일,finish,,23,공정별 체크리스트,230,타일공사,젠다이 높이는 확인하였는가?,젠다이 높이는 확인하였는가?,True,medium,NOT_STARTED,타일 작업자,완료|문제있음|사진찍기|메모,미착수|진행중|완료|보류|문제발생|재확인 요청,False,
CHK-0205,PROC_TILE,타일,타일,finish,,24,공정별 체크리스트,231,타일공사,매립수전 주변 타공은 제대로 되었는가?,매립수전 주변 타공은 제대로 되었는가?,True,low,NOT_STARTED,타일 작업자,완료|문제있음|사진찍기|메모,미착수|진행중|완료|보류|문제발생|재확인 요청,False,
CHK-0206,PROC_TILE,타일,타일,finish,,25,공정별 체크리스트,232,타일공사,매립휴지걸이 타공 사이즈는 맞는가?,매립휴지걸이 타공 사이즈는 맞는가?,True,low,NOT_STARTED,타일 작업자,완료|문제있음|사진찍기|메모,미착수|진행중|완료|보류|문제발생|재확인 요청,False,
CHK-0207,PROC_TILE,타일,타일,finish,,26,공정별 체크리스트,233,타일공사,타일세면대 다이는 미리 제작되어 있는가?,타일세면대 다이는 미리 제작되어 있는가?,True,medium,NOT_STARTED,타일 작업자,완료|문제있음|사진찍기|메모,미착수|진행중|완료|보류|문제발생|재확인 요청,False,
CHK-0208,PROC_TILE,타일,타일,finish,,27,공정별 체크리스트,234,타일공사,비흡수면 프라이머는 발려져 있는가?,비흡수면 프라이머는 발려져 있는가?,True,low,NOT_STARTED,타일 작업자,완료|문제있음|사진찍기|메모,미착수|진행중|완료|보류|문제발생|재확인 요청,False,
CHK-0209,PROC_TILE,타일,타일,finish,,28,공정별 체크리스트,235,타일공사,바탕면의 방수는 꼼꼼하게 되어 있는가?,바탕면의 방수는 꼼꼼하게 되어 있는가?,True,high,NOT_STARTED,타일 작업자,완료|문제있음|사진찍기|메모,미착수|진행중|완료|보류|문제발생|재확인 요청,False,
CHK-0210,PROC_PAINT,도장,도장,finish,,1,공정별 체크리스트,237,도장공사,페인트는 준비되어있는가?,페인트는 준비되어있는가?,True,low,NOT_STARTED,도장 작업자,완료|문제있음|사진찍기|메모,미착수|진행중|완료|보류|문제발생|재확인 요청,False,
CHK-0211,PROC_PAINT,도장,도장,finish,,2,공정별 체크리스트,238,도장공사,"밑작업의 품질은 확인하였는가? (볼록한곳, 오목한곳,터진곳)","밑작업의 품질은 확인하였는가? (볼록한곳, 오목한곳,터진곳)",True,low,NOT_STARTED,도장 작업자,완료|문제있음|사진찍기|메모,미착수|진행중|완료|보류|문제발생|재확인 요청,False,
CHK-0212,PROC_PAINT,도장,도장,finish,,3,공정별 체크리스트,239,도장공사,모서리에 페인트 밑작업을 위한 실리콘 처리가 되어 있는가?,모서리에 페인트 밑작업을 위한 실리콘 처리가 되어 있는가?,True,low,NOT_STARTED,도장 작업자,완료|문제있음|사진찍기|메모,미착수|진행중|완료|보류|문제발생|재확인 요청,False,
CHK-0213,PROC_PAINT,도장,도장,finish,,4,공정별 체크리스트,240,도장공사,샌딩작업 후 먼지를 충분히 제거하고 작업을 하는가?,샌딩작업 후 먼지를 충분히 제거하고 작업을 하는가?,True,low,NOT_STARTED,도장 작업자,완료|문제있음|사진찍기|메모,미착수|진행중|완료|보류|문제발생|재확인 요청,False,
CHK-0214,PROC_PAINT,도장,도장,finish,,5,공정별 체크리스트,241,도장공사,작업등은 충분한가?,작업등은 충분한가?,True,low,NOT_STARTED,도장 작업자,완료|문제있음|사진찍기|메모,미착수|진행중|완료|보류|문제발생|재확인 요청,False,
CHK-0215,PROC_PAINT,도장,도장,finish,,6,공정별 체크리스트,242,도장공사,프라이머류 작업은 빠뜨리지 않고 하였는가?,프라이머류 작업은 빠뜨리지 않고 하였는가?,True,low,NOT_STARTED,도장 작업자,완료|문제있음|사진찍기|메모,미착수|진행중|완료|보류|문제발생|재확인 요청,False,
CHK-0216,PROC_PAINT,도장,도장,finish,,7,공정별 체크리스트,243,도장공사,보양은 제대로 되어 있는가?,보양은 제대로 되어 있는가?,True,medium,NOT_STARTED,도장 작업자,완료|문제있음|사진찍기|메모,미착수|진행중|완료|보류|문제발생|재확인 요청,False,
CHK-0217,PROC_PAINT,도장,도장,finish,,8,공정별 체크리스트,244,도장공사,커튼박스에 락카서페이서 작업을 하였는가?(금속 커튼월 일시),커튼박스에 락카서페이서 작업을 하였는가?(금속 커튼월 일시),True,low,NOT_STARTED,도장 작업자,완료|문제있음|사진찍기|메모,미착수|진행중|완료|보류|문제발생|재확인 요청,False,
CHK-0218,PROC_PAINT,도장,도장,finish,,9,공정별 체크리스트,245,도장공사,문틀 안쪽(방쪽)주변에 핸디작업을 하였는가?,문틀 안쪽(방쪽)주변에 핸디작업을 하였는가?,True,medium,NOT_STARTED,도장 작업자,완료|문제있음|사진찍기|메모,미착수|진행중|완료|보류|문제발생|재확인 요청,False,
CHK-0219,PROC_PAINT,도장,도장,finish,,10,공정별 체크리스트,246,도장공사,발코니쪽에 핸디작업이 필요한 곳은 없는가?,발코니쪽에 핸디작업이 필요한 곳은 없는가?,True,low,NOT_STARTED,도장 작업자,완료|문제있음|사진찍기|메모,미착수|진행중|완료|보류|문제발생|재확인 요청,False,
CHK-0220,PROC_PAINT,도장,도장,finish,,11,공정별 체크리스트,247,도장공사,바닥 타일 보양은 제대로 되어 있는가?,바닥 타일 보양은 제대로 되어 있는가?,True,medium,NOT_STARTED,도장 작업자,완료|문제있음|사진찍기|메모,미착수|진행중|완료|보류|문제발생|재확인 요청,False,
CHK-0221,PROC_FLOORING,마루,바닥,finish,,1,공정별 체크리스트,249,마루공사,걸레받이가 필요한곳이 어디인지 알려줬는가?,걸레받이가 필요한곳이 어디인지 알려줬는가?,True,low,NOT_STARTED,마루 작업자,완료|문제있음|사진찍기|메모,미착수|진행중|완료|보류|문제발생|재확인 요청,False,
CHK-0222,PROC_FLOORING,마루,바닥,finish,,2,공정별 체크리스트,250,마루공사,마루가 시작하는 위치와 방향을 알려줬는가?,마루가 시작하는 위치와 방향을 알려줬는가?,True,medium,NOT_STARTED,마루 작업자,완료|문제있음|사진찍기|메모,미착수|진행중|완료|보류|문제발생|재확인 요청,False,
CHK-0223,PROC_FLOORING,마루,바닥,finish,,3,공정별 체크리스트,251,마루공사,마루 작업을 하기 이틀전에 마지막 S/L작업을 하였는가?,마루 작업을 하기 이틀전에 마지막 S/L작업을 하였는가?,True,medium,NOT_STARTED,마루 작업자,완료|문제있음|사진찍기|메모,미착수|진행중|완료|보류|문제발생|재확인 요청,False,
CHK-0224,PROC_FLOORING,마루,바닥,finish,,4,공정별 체크리스트,252,마루공사,바탕면 정리를 잘 하는가?,바탕면 정리를 잘 하는가?,True,low,NOT_STARTED,마루 작업자,완료|문제있음|사진찍기|메모,미착수|진행중|완료|보류|문제발생|재확인 요청,False,
CHK-0225,PROC_FLOORING,마루,바닥,finish,,5,공정별 체크리스트,253,마루공사,타일과 만나는곳에 면이 잘 정리되어 있는가?,타일과 만나는곳에 면이 잘 정리되어 있는가?,True,medium,NOT_STARTED,마루 작업자,완료|문제있음|사진찍기|메모,미착수|진행중|완료|보류|문제발생|재확인 요청,False,
CHK-0226,PROC_FLOORING,마루,바닥,finish,,6,공정별 체크리스트,254,마루공사,마루위에 마루 본드가 묻어 있는곳은 없는가?,마루위에 마루 본드가 묻어 있는곳은 없는가?,True,medium,NOT_STARTED,마루 작업자,완료|문제있음|사진찍기|메모,미착수|진행중|완료|보류|문제발생|재확인 요청,False,
CHK-0227,PROC_FLOORING,마루,바닥,finish,,7,공정별 체크리스트,255,마루공사,마루작업 후 전체 보양은 잘 되어 있는가?,마루작업 후 전체 보양은 잘 되어 있는가?,True,medium,NOT_STARTED,마루 작업자,완료|문제있음|사진찍기|메모,미착수|진행중|완료|보류|문제발생|재확인 요청,False,
CHK-0228,PROC_FLOORING,마루,바닥,finish,,8,공정별 체크리스트,256,마루공사,가구작업 후 마루 보양지를 걷었을때 마루가 손상된 곳은 없는가.,가구작업 후 마루 보양지를 걷었을때 마루가 손상된 곳은 없는가?,True,medium,NOT_STARTED,마루 작업자,완료|문제있음|사진찍기|메모,미착수|진행중|완료|보류|문제발생|재확인 요청,False,앱용 질문형 문장으로 정리
CHK-0229,PROC_FLOORING,마루,바닥,finish,,9,공정별 체크리스트,257,마루공사,"마루작업전 페인트면, 필름면이 제대로 보양되어 있는가?","마루작업전 페인트면, 필름면이 제대로 보양되어 있는가?",True,medium,NOT_STARTED,마루 작업자,완료|문제있음|사진찍기|메모,미착수|진행중|완료|보류|문제발생|재확인 요청,False,
CHK-0230,PROC_WALLPAPER,도배,도배,finish,,1,공정별 체크리스트,259,도배공사,도배지는 미리 와 있는가?,도배지는 미리 와 있는가?,True,medium,NOT_STARTED,도배 작업자,완료|문제있음|사진찍기|메모,미착수|진행중|완료|보류|문제발생|재확인 요청,False,
CHK-0231,PROC_WALLPAPER,도배,도배,finish,,2,공정별 체크리스트,260,도배공사,바닥과 벽 보양은 잘 되어 있는가?,바닥과 벽 보양은 잘 되어 있는가?,True,medium,NOT_STARTED,도배 작업자,완료|문제있음|사진찍기|메모,미착수|진행중|완료|보류|문제발생|재확인 요청,False,
CHK-0232,PROC_WALLPAPER,도배,도배,finish,,3,공정별 체크리스트,261,도배공사,빠짐없이 부직포 작업을 하고 있는가?,빠짐없이 부직포 작업을 하고 있는가?,True,low,NOT_STARTED,도배 작업자,완료|문제있음|사진찍기|메모,미착수|진행중|완료|보류|문제발생|재확인 요청,False,
CHK-0233,PROC_WALLPAPER,도배,도배,finish,,4,공정별 체크리스트,262,도배공사,스피커자리에 풀칠은 하면 안됨,스피커 자리에 풀칠하지 않도록 확인하였는가?,True,low,NOT_STARTED,도배 작업자,완료|문제있음|사진찍기|메모,미착수|진행중|완료|보류|문제발생|재확인 요청,False,앱용 질문형 문장으로 정리
CHK-0234,PROC_WALLPAPER,도배,도배,finish,,5,공정별 체크리스트,263,도배공사,필요없는 구멍이 제대로 가려져 있는가?,필요없는 구멍이 제대로 가려져 있는가?,True,low,NOT_STARTED,도배 작업자,완료|문제있음|사진찍기|메모,미착수|진행중|완료|보류|문제발생|재확인 요청,False,
CHK-0235,PROC_WALLPAPER,도배,도배,finish,,6,공정별 체크리스트,264,도배공사,거실 주방 복도부분에 감지기는 잘 가려져 있는가?,거실 주방 복도부분에 감지기는 잘 가려져 있는가?,True,high,NOT_STARTED,도배 작업자,완료|문제있음|사진찍기|메모,미착수|진행중|완료|보류|문제발생|재확인 요청,False,
CHK-0236,PROC_WALLPAPER,도배,도배,finish,,7,공정별 체크리스트,265,도배공사,도배가 터진곳은 없는가?,도배가 터진곳은 없는가?,True,medium,NOT_STARTED,도배 작업자,완료|문제있음|사진찍기|메모,미착수|진행중|완료|보류|문제발생|재확인 요청,False,
CHK-0237,PROC_WALLPAPER,도배,도배,finish,,8,공정별 체크리스트,266,도배공사,도배가 오염된 곳은 없는가?,도배가 오염된 곳은 없는가?,True,medium,NOT_STARTED,도배 작업자,완료|문제있음|사진찍기|메모,미착수|진행중|완료|보류|문제발생|재확인 요청,False,
CHK-0238,PROC_WALLPAPER,도배,도배,finish,,9,공정별 체크리스트,267,도배공사,도배 밑작업은 꼼꼼하게 하는가?,도배 밑작업은 꼼꼼하게 하는가?,True,medium,NOT_STARTED,도배 작업자,완료|문제있음|사진찍기|메모,미착수|진행중|완료|보류|문제발생|재확인 요청,False,
CHK-0239,PROC_WALLPAPER,도배,도배,finish,,10,공정별 체크리스트,268,도배공사,여드름 자국이 있는곳이 있는가?,여드름 자국이 있는곳이 있는가?,True,low,NOT_STARTED,도배 작업자,완료|문제있음|사진찍기|메모,미착수|진행중|완료|보류|문제발생|재확인 요청,False,
CHK-0240,PROC_WALLPAPER,도배,도배,finish,,11,공정별 체크리스트,269,도배공사,걸레받이가 없는곳이 있는가?,걸레받이가 없는곳이 있는가?,True,low,NOT_STARTED,도배 작업자,완료|문제있음|사진찍기|메모,미착수|진행중|완료|보류|문제발생|재확인 요청,False,
CHK-0241,PROC_WALLPAPER,도배,도배,finish,,12,공정별 체크리스트,270,도배공사,필요한 전기 기구류는 다 와 있는가?,필요한 전기 기구류는 다 와 있는가?,True,high,NOT_STARTED,도배 작업자,완료|문제있음|사진찍기|메모,미착수|진행중|완료|보류|문제발생|재확인 요청,False,
CHK-0242,PROC_FIXTURE_CEILING_PARTITION,도기류·돔천정·파티션,위생기구·천정·파티션,installation,,1,공정별 체크리스트,272,"도기류세팅, 돔천정, 파티션",액세서리 위치는 고객과 충분히 협의 하였는가?,액세서리 위치는 고객과 충분히 협의하였는가?,True,medium,NOT_STARTED,현장관리자,완료|문제있음|사진찍기|메모,미착수|진행중|완료|보류|문제발생|재확인 요청,False,
CHK-0243,PROC_FIXTURE_CEILING_PARTITION,도기류·돔천정·파티션,위생기구·천정·파티션,installation,,2,공정별 체크리스트,273,"도기류세팅, 돔천정, 파티션",돔천정 세팅시 환풍기 위치는 고려 하였는가?,돔천정 세팅시 환풍기 위치는 고려 하였는가?,True,high,NOT_STARTED,현장관리자,완료|문제있음|사진찍기|메모,미착수|진행중|완료|보류|문제발생|재확인 요청,False,
CHK-0244,PROC_FIXTURE_CEILING_PARTITION,도기류·돔천정·파티션,위생기구·천정·파티션,installation,,3,공정별 체크리스트,274,"도기류세팅, 돔천정, 파티션",돔천정 점검구가 파티션라인과 간섭되지 않는가?,돔천정 점검구가 파티션라인과 간섭되지 않는가?,True,low,NOT_STARTED,현장관리자,완료|문제있음|사진찍기|메모,미착수|진행중|완료|보류|문제발생|재확인 요청,False,
CHK-0245,PROC_FIXTURE_CEILING_PARTITION,도기류·돔천정·파티션,위생기구·천정·파티션,installation,,4,공정별 체크리스트,275,"도기류세팅, 돔천정, 파티션",돔천정에 타공될 등 위치는 고객과 의논하였는가? (간접등 넣고나서 불켜놓고 고객 부를것),돔천정에 타공될 등 위치는 고객과 의논하였는가? (간접등 넣고나서 불켜놓고 고객 부를것),True,medium,NOT_STARTED,현장관리자,완료|문제있음|사진찍기|메모,미착수|진행중|완료|보류|문제발생|재확인 요청,False,
CHK-0246,PROC_FIXTURE_CEILING_PARTITION,도기류·돔천정·파티션,위생기구·천정·파티션,installation,,5,공정별 체크리스트,276,"도기류세팅, 돔천정, 파티션",파티션이 설치하고 남는 폭이 600~700정도 나오는가?,파티션이 설치하고 남는 폭이 600~700정도 나오는가?,True,medium,NOT_STARTED,현장관리자,완료|문제있음|사진찍기|메모,미착수|진행중|완료|보류|문제발생|재확인 요청,False,
CHK-0247,PROC_FURNITURE,가구,가구,installation,,1,공정별 체크리스트,278,가구공사,가구 주변마감이 수직수평이 맞는가,가구 주변 마감의 수직·수평이 맞는가?,True,medium,NOT_STARTED,가구 작업자,완료|문제있음|사진찍기|메모,미착수|진행중|완료|보류|문제발생|재확인 요청,False,앱용 질문형 문장으로 정리
CHK-0248,PROC_FURNITURE,가구,가구,installation,,2,공정별 체크리스트,279,가구공사,가구 손잡이 높이는 고객과 상의가 되었는가,가구 손잡이 높이는 고객과 상의가 되었는가?,True,medium,NOT_STARTED,가구 작업자,완료|문제있음|사진찍기|메모,미착수|진행중|완료|보류|문제발생|재확인 요청,False,앱용 질문형 문장으로 정리
CHK-0249,PROC_FURNITURE,가구,가구,installation,,3,공정별 체크리스트,280,가구공사,가구색상에 이색진 문짝은 없는가?,가구색상에 이색진 문짝은 없는가?,True,medium,NOT_STARTED,가구 작업자,완료|문제있음|사진찍기|메모,미착수|진행중|완료|보류|문제발생|재확인 요청,False,
CHK-0250,PROC_FURNITURE,가구,가구,installation,,4,공정별 체크리스트,281,가구공사,서랍은 잘 열리고 닫히는가,서랍은 잘 열리고 닫히는가?,True,low,NOT_STARTED,가구 작업자,완료|문제있음|사진찍기|메모,미착수|진행중|완료|보류|문제발생|재확인 요청,False,앱용 질문형 문장으로 정리
CHK-0251,PROC_FURNITURE,가구,가구,installation,,5,공정별 체크리스트,282,가구공사,싱크상판을 설치하고 보양작업을 하였는가?,싱크상판을 설치하고 보양작업을 하였는가?,True,medium,NOT_STARTED,가구 작업자,완료|문제있음|사진찍기|메모,미착수|진행중|완료|보류|문제발생|재확인 요청,False,
CHK-0252,PROC_FURNITURE,가구,가구,installation,,6,공정별 체크리스트,283,가구공사,가구의 체결이 단단하게 되었는가?,가구의 체결이 단단하게 되었는가?,True,medium,NOT_STARTED,가구 작업자,완료|문제있음|사진찍기|메모,미착수|진행중|완료|보류|문제발생|재확인 요청,False,
CHK-0253,PROC_FURNITURE,가구,가구,installation,,7,공정별 체크리스트,284,가구공사,서랍의 분리 방법을 작업자에게 물어보았는가?,서랍의 분리 방법을 작업자에게 물어보았는가?,True,low,NOT_STARTED,가구 작업자,완료|문제있음|사진찍기|메모,미착수|진행중|완료|보류|문제발생|재확인 요청,False,
CHK-0254,PROC_FURNITURE,가구,가구,installation,,8,공정별 체크리스트,285,가구공사,가구 내부에 들어가는 전기라인중에 빠진것이 없는가?,가구 내부에 들어가는 전기라인중에 빠진것이 없는가?,True,high,NOT_STARTED,가구 작업자,완료|문제있음|사진찍기|메모,미착수|진행중|완료|보류|문제발생|재확인 요청,False,
CHK-0255,PROC_FURNITURE,가구,가구,installation,,9,공정별 체크리스트,286,가구공사,가구 엣지 부착부분의 컨디션은 괜찮은가?,가구 엣지 부착부분의 컨디션은 괜찮은가?,True,medium,NOT_STARTED,가구 작업자,완료|문제있음|사진찍기|메모,미착수|진행중|완료|보류|문제발생|재확인 요청,False,
CHK-0256,PROC_FURNITURE,가구,가구,installation,,10,공정별 체크리스트,287,가구공사,분배기 커버는 설치되었는가?,분배기 커버는 설치되었는가?,True,medium,NOT_STARTED,가구 작업자,완료|문제있음|사진찍기|메모,미착수|진행중|완료|보류|문제발생|재확인 요청,False,
CHK-0257,PROC_FURNITURE,가구,가구,installation,,11,공정별 체크리스트,288,가구공사,가구 문짝의 라인이 잘 맞는가?,가구 문짝의 라인이 잘 맞는가?,True,medium,NOT_STARTED,가구 작업자,완료|문제있음|사진찍기|메모,미착수|진행중|완료|보류|문제발생|재확인 요청,False,
CHK-0258,PROC_FURNITURE,가구,가구,installation,,12,공정별 체크리스트,289,가구공사,PUSH문짝은 잘 작동 되는가?,PUSH문짝은 잘 작동 되는가?,True,medium,NOT_STARTED,가구 작업자,완료|문제있음|사진찍기|메모,미착수|진행중|완료|보류|문제발생|재확인 요청,False,
CHK-0259,PROC_FURNITURE,가구,가구,installation,,13,공정별 체크리스트,290,가구공사,틸트업 장은 잘 작동 되는가? 많이 열리는가?,틸트업 장은 잘 작동 되는가? 많이 열리는가?,True,low,NOT_STARTED,가구 작업자,완료|문제있음|사진찍기|메모,미착수|진행중|완료|보류|문제발생|재확인 요청,False,
CHK-0260,PROC_FURNITURE,가구,가구,installation,,14,공정별 체크리스트,291,가구공사,싱크볼에 기스는 없는가?,싱크볼에 기스는 없는가?,True,low,NOT_STARTED,가구 작업자,완료|문제있음|사진찍기|메모,미착수|진행중|완료|보류|문제발생|재확인 요청,False,
CHK-0261,PROC_FURNITURE,가구,가구,installation,,15,공정별 체크리스트,292,가구공사,싱크대 높이를 도면과 확인하였는가?,싱크대 높이를 도면과 확인하였는가?,True,medium,NOT_STARTED,가구 작업자,완료|문제있음|사진찍기|메모,미착수|진행중|완료|보류|문제발생|재확인 요청,False,
CHK-0262,PROC_FURNITURE,가구,가구,installation,,16,공정별 체크리스트,293,가구공사,마감스티커는 다 붙어있는가?,마감스티커는 다 붙어있는가?,True,medium,NOT_STARTED,가구 작업자,완료|문제있음|사진찍기|메모,미착수|진행중|완료|보류|문제발생|재확인 요청,False,
CHK-0263,PROC_FURNITURE,가구,가구,installation,,17,공정별 체크리스트,294,가구공사,싱크대 수전연결후 물이 새는곳은 없는가?,싱크대 수전연결후 물이 새는곳은 없는가?,True,low,NOT_STARTED,가구 작업자,완료|문제있음|사진찍기|메모,미착수|진행중|완료|보류|문제발생|재확인 요청,False,
CHK-0264,PROC_LIGHT_DOOR_AC,등기구·문·에어컨,설치,installation,,1,공정별 체크리스트,296,"등기구설치, 문설치, 에어컨설치",기구류의 개수가 맞는가?,기구류의 개수가 맞는가?,True,low,NOT_STARTED,현장관리자,완료|문제있음|사진찍기|메모,미착수|진행중|완료|보류|문제발생|재확인 요청,False,
CHK-0265,PROC_LIGHT_DOOR_AC,등기구·문·에어컨,설치,installation,,2,공정별 체크리스트,297,"등기구설치, 문설치, 에어컨설치",스위치 및 콘센트의 수평이 맞는가?,스위치 및 콘센트의 수평이 맞는가?,True,high,NOT_STARTED,현장관리자,완료|문제있음|사진찍기|메모,미착수|진행중|완료|보류|문제발생|재확인 요청,False,
CHK-0266,PROC_LIGHT_DOOR_AC,등기구·문·에어컨,설치,installation,,3,공정별 체크리스트,298,"등기구설치, 문설치, 에어컨설치","조명의 라인이 맞는가? (예, 등 3개 일렬로 있는경우 ㅇ ㅇ ㅇ)","조명의 라인이 맞는가? (예, 등 3개 일렬로 있는경우 ㅇ ㅇ ㅇ)",True,low,NOT_STARTED,현장관리자,완료|문제있음|사진찍기|메모,미착수|진행중|완료|보류|문제발생|재확인 요청,False,
CHK-0267,PROC_LIGHT_DOOR_AC,등기구·문·에어컨,설치,installation,,4,공정별 체크리스트,299,"등기구설치, 문설치, 에어컨설치",감지기가 빠짐없이 설치 되었는가?,감지기가 빠짐없이 설치 되었는가?,True,high,NOT_STARTED,현장관리자,완료|문제있음|사진찍기|메모,미착수|진행중|완료|보류|문제발생|재확인 요청,False,
CHK-0268,PROC_LIGHT_DOOR_AC,등기구·문·에어컨,설치,installation,,5,공정별 체크리스트,300,"등기구설치, 문설치, 에어컨설치",센서는 잘 작동 하는가?,센서는 잘 작동 하는가?,True,low,NOT_STARTED,현장관리자,완료|문제있음|사진찍기|메모,미착수|진행중|완료|보류|문제발생|재확인 요청,False,
CHK-0269,PROC_LIGHT_DOOR_AC,등기구·문·에어컨,설치,installation,,6,공정별 체크리스트,301,"등기구설치, 문설치, 에어컨설치",전기선이 노출된 곳은 없는가?,전기선이 노출된 곳은 없는가?,True,high,NOT_STARTED,현장관리자,완료|문제있음|사진찍기|메모,미착수|진행중|완료|보류|문제발생|재확인 요청,False,
CHK-0270,PROC_LIGHT_DOOR_AC,등기구·문·에어컨,설치,installation,,7,공정별 체크리스트,302,"등기구설치, 문설치, 에어컨설치",바탕면과 스위치가 너무 어울리지 않는 곳은 없는가?,바탕면과 스위치가 너무 어울리지 않는 곳은 없는가?,True,low,NOT_STARTED,현장관리자,완료|문제있음|사진찍기|메모,미착수|진행중|완료|보류|문제발생|재확인 요청,False,
CHK-0271,PROC_LIGHT_DOOR_AC,등기구·문·에어컨,설치,installation,,8,공정별 체크리스트,303,"등기구설치, 문설치, 에어컨설치",에어컨 설치시 천정 주변이 더러워 지지는 않았는가?,에어컨 설치시 천정 주변이 더러워 지지는 않았는가?,True,high,NOT_STARTED,현장관리자,완료|문제있음|사진찍기|메모,미착수|진행중|완료|보류|문제발생|재확인 요청,False,
CHK-0272,PROC_LIGHT_DOOR_AC,등기구·문·에어컨,설치,installation,,9,공정별 체크리스트,304,"등기구설치, 문설치, 에어컨설치",에어컨 반입시 긁거나 찍힌 곳은 없는가?,에어컨 반입시 긁거나 찍힌 곳은 없는가?,True,high,NOT_STARTED,현장관리자,완료|문제있음|사진찍기|메모,미착수|진행중|완료|보류|문제발생|재확인 요청,False,
CHK-0273,PROC_LIGHT_DOOR_AC,등기구·문·에어컨,설치,installation,,10,공정별 체크리스트,305,"등기구설치, 문설치, 에어컨설치",문에 손잡이를 설치할때 반드시 스토퍼를 같이 설치 하였는가,문에 손잡이를 설치할때 반드시 스토퍼를 같이 설치 하였는가?,True,medium,NOT_STARTED,현장관리자,완료|문제있음|사진찍기|메모,미착수|진행중|완료|보류|문제발생|재확인 요청,False,앱용 질문형 문장으로 정리
CHK-0274,PROC_LIGHT_DOOR_AC,등기구·문·에어컨,설치,installation,,11,공정별 체크리스트,306,"등기구설치, 문설치, 에어컨설치",문손잡이의 수직 수평은 맞게 설치되었는가?,문손잡이의 수직 수평은 맞게 설치되었는가?,True,medium,NOT_STARTED,현장관리자,완료|문제있음|사진찍기|메모,미착수|진행중|완료|보류|문제발생|재확인 요청,False,
CHK-0275,PROC_LIGHT_DOOR_AC,등기구·문·에어컨,설치,installation,,12,공정별 체크리스트,307,"등기구설치, 문설치, 에어컨설치",히든도어의 경우 문과 벽 라인이 맞는가?,히든도어의 경우 문과 벽 라인이 맞는가?,True,medium,NOT_STARTED,현장관리자,완료|문제있음|사진찍기|메모,미착수|진행중|완료|보류|문제발생|재확인 요청,False,
CHK-0276,PROC_LIGHT_DOOR_AC,등기구·문·에어컨,설치,installation,,13,공정별 체크리스트,308,"등기구설치, 문설치, 에어컨설치",문손잡이가 설치된 후 문이 흔들리지는 않는가?,문손잡이가 설치된 후 문이 흔들리지는 않는가?,True,medium,NOT_STARTED,현장관리자,완료|문제있음|사진찍기|메모,미착수|진행중|완료|보류|문제발생|재확인 요청,False,
CHK-0277,PROC_LIGHT_DOOR_AC,등기구·문·에어컨,설치,installation,,14,공정별 체크리스트,309,"등기구설치, 문설치, 에어컨설치",문 주변에 띄워진 간격이 균등한가?,문 주변에 띄워진 간격이 균등한가?,True,medium,NOT_STARTED,현장관리자,완료|문제있음|사진찍기|메모,미착수|진행중|완료|보류|문제발생|재확인 요청,False,
CHK-0278,PROC_LIGHT_DOOR_AC,등기구·문·에어컨,설치,installation,,15,공정별 체크리스트,310,"등기구설치, 문설치, 에어컨설치",문이 바닥에 긁히진 않는가?,문이 바닥에 긁히진 않는가?,True,medium,NOT_STARTED,현장관리자,완료|문제있음|사진찍기|메모,미착수|진행중|완료|보류|문제발생|재확인 요청,False,
CHK-0279,PROC_CLEANING_SILICONE,준공청소·실리콘,준공,handover,,1,공정별 체크리스트,312,"준공청소, 실리콘",구석구석 빠짐없이 청소하였는가?,구석구석 빠짐없이 청소하였는가?,True,low,NOT_STARTED,현장관리자,완료|문제있음|사진찍기|메모,미착수|진행중|완료|보류|문제발생|재확인 요청,False,
CHK-0280,PROC_CLEANING_SILICONE,준공청소·실리콘,준공,handover,,2,공정별 체크리스트,313,"준공청소, 실리콘",지워지지 않은 공사흔적들은 없는가?,지워지지 않은 공사흔적들은 없는가?,True,low,NOT_STARTED,현장관리자,완료|문제있음|사진찍기|메모,미착수|진행중|완료|보류|문제발생|재확인 요청,False,
CHK-0281,PROC_CLEANING_SILICONE,준공청소·실리콘,준공,handover,,3,공정별 체크리스트,314,"준공청소, 실리콘","청소후 실링팬, 팬던트등을 설치하였는가?","청소후 실링팬, 팬던트등을 설치하였는가?",True,medium,NOT_STARTED,현장관리자,완료|문제있음|사진찍기|메모,미착수|진행중|완료|보류|문제발생|재확인 요청,False,
CHK-0282,PROC_CLEANING_SILICONE,준공청소·실리콘,준공,handover,,4,공정별 체크리스트,315,"준공청소, 실리콘",창호 보양지는 빠짐없이 벗겨졌는가?,창호 보양지는 빠짐없이 벗겨졌는가?,True,medium,NOT_STARTED,현장관리자,완료|문제있음|사진찍기|메모,미착수|진행중|완료|보류|문제발생|재확인 요청,False,
CHK-0283,PROC_CLEANING_SILICONE,준공청소·실리콘,준공,handover,,5,공정별 체크리스트,316,"준공청소, 실리콘",싱크볼에 기스는 나지 않았는가?,싱크볼에 기스는 나지 않았는가?,True,low,NOT_STARTED,현장관리자,완료|문제있음|사진찍기|메모,미착수|진행중|완료|보류|문제발생|재확인 요청,False,
CHK-0284,PROC_CLEANING_SILICONE,준공청소·실리콘,준공,handover,,6,공정별 체크리스트,317,"준공청소, 실리콘",현장 자재 색상에 맞는 조색실리콘을 준비하였는가?,현장 자재 색상에 맞는 조색실리콘을 준비하였는가?,True,medium,NOT_STARTED,현장관리자,완료|문제있음|사진찍기|메모,미착수|진행중|완료|보류|문제발생|재확인 요청,False,
CHK-0285,PROC_CLEANING_SILICONE,준공청소·실리콘,준공,handover,,7,공정별 체크리스트,318,"준공청소, 실리콘",청소 후 파란색 테이프로 보수할 곳을 표시 하였는가?,청소 후 파란색 테이프로 보수할 곳을 표시 하였는가?,True,low,NOT_STARTED,현장관리자,완료|문제있음|사진찍기|메모,미착수|진행중|완료|보류|문제발생|재확인 요청,False,
CHK-0286,PROC_CLEANING_SILICONE,준공청소·실리콘,준공,handover,,8,공정별 체크리스트,319,"준공청소, 실리콘",전자제품이 들어올곳을 미리 청소하였는가?,전자제품이 들어올곳을 미리 청소하였는가?,True,medium,NOT_STARTED,현장관리자,완료|문제있음|사진찍기|메모,미착수|진행중|완료|보류|문제발생|재확인 요청,False,
CHK-0287,PROC_CLEANING_SILICONE,준공청소·실리콘,준공,handover,,9,공정별 체크리스트,320,"준공청소, 실리콘","고객이 들여오는 새 제품에 대하여 일정 확인을 다 하였는가?(전자제품, 가구류~)","고객이 들여오는 새 제품에 대하여 일정 확인을 다 하였는가?(전자제품, 가구류~)",True,medium,NOT_STARTED,현장관리자,완료|문제있음|사진찍기|메모,미착수|진행중|완료|보류|문제발생|재확인 요청,False,
CHK-0288,PROC_CLEANING_SILICONE,준공청소·실리콘,준공,handover,,10,공정별 체크리스트,321,"준공청소, 실리콘",잔손보기 하자보수 일정을 잡았는가?,잔손보기 하자보수 일정을 잡았는가?,True,low,NOT_STARTED,현장관리자,완료|문제있음|사진찍기|메모,미착수|진행중|완료|보류|문제발생|재확인 요청,False,
CHK-0289,PROC_CLEANING_SILICONE,준공청소·실리콘,준공,handover,,11,공정별 체크리스트,322,"준공청소, 실리콘",현장에 남아있는 자재는 다 치웠는가?,현장에 남아있는 자재는 다 치웠는가?,True,medium,NOT_STARTED,현장관리자,완료|문제있음|사진찍기|메모,미착수|진행중|완료|보류|문제발생|재확인 요청,False,
CHK-0290,PROC_CLEANING_SILICONE,준공청소·실리콘,준공,handover,,12,공정별 체크리스트,323,"준공청소, 실리콘",고객에게 드릴 하자 보수용 자재는 챙겼는가?,고객에게 드릴 하자 보수용 자재는 챙겼는가?,True,medium,NOT_STARTED,현장관리자,완료|문제있음|사진찍기|메모,미착수|진행중|완료|보류|문제발생|재확인 요청,False,
CHK-0291,PROC_CLEANING_SILICONE,준공청소·실리콘,준공,handover,,13,공정별 체크리스트,324,"준공청소, 실리콘",전체적으로 전열이 잘 들어오는지 확인을 하였는가?,전체적으로 전열이 잘 들어오는지 확인을 하였는가?,True,low,NOT_STARTED,현장관리자,완료|문제있음|사진찍기|메모,미착수|진행중|완료|보류|문제발생|재확인 요청,False,
CHK-0292,PROC_CLEANING_SILICONE,준공청소·실리콘,준공,handover,,14,공정별 체크리스트,325,"준공청소, 실리콘",고객 요청사항이 다 충족되었는가?,고객 요청사항이 다 충족되었는가?,True,medium,NOT_STARTED,현장관리자,완료|문제있음|사진찍기|메모,미착수|진행중|완료|보류|문제발생|재확인 요청,False,
